-- phpMyAdmin SQL Dump
-- version 3.5.4
-- http://www.phpmyadmin.net
--
-- 主机: localhost
-- 生成日期: 2015 年 08 月 03 日 00:16
-- 服务器版本: 5.5.27
-- PHP 版本: 5.3.13

SET SQL_MODE="NO_AUTO_VALUE_ON_ZERO";
SET time_zone = "+00:00";


/*!40101 SET @OLD_CHARACTER_SET_CLIENT=@@CHARACTER_SET_CLIENT */;
/*!40101 SET @OLD_CHARACTER_SET_RESULTS=@@CHARACTER_SET_RESULTS */;
/*!40101 SET @OLD_COLLATION_CONNECTION=@@COLLATION_CONNECTION */;
/*!40101 SET NAMES utf8 */;

--
-- 数据库: `if43`
--

-- --------------------------------------------------------

--
-- 表的结构 `if43_admin`
--

CREATE TABLE IF NOT EXISTS `if43_admin` (
  `id` mediumint(6) unsigned NOT NULL AUTO_INCREMENT,
  `username` varchar(20) DEFAULT NULL,
  `password` varchar(32) DEFAULT NULL,
  `lastip` varchar(15) DEFAULT NULL,
  `lasttime` int(10) unsigned DEFAULT '0',
  `email` varchar(40) DEFAULT NULL,
  `realname` varchar(50) NOT NULL DEFAULT '',
  `sex` smallint(5) unsigned DEFAULT '0',
  `disabled` tinyint(1) unsigned NOT NULL DEFAULT '0',
  PRIMARY KEY (`id`),
  KEY `username` (`username`)
) ENGINE=MyISAM  DEFAULT CHARSET=utf8 AUTO_INCREMENT=48 ;

--
-- 转存表中的数据 `if43_admin`
--

INSERT INTO `if43_admin` (`id`, `username`, `password`, `lastip`, `lasttime`, `email`, `realname`, `sex`, `disabled`) VALUES
(1, 'if43', '9c59eddb58ba5f4256322ebd4f6ea1e8', '192.168.170.119', 1389693011, 'vip@IF43.com', '青缕烟楼', 1, 1),
(2, 'admin', '9c59eddb58ba5f4256322ebd4f6ea1e8', '192.168.170.250', 1389600548, 'YOHOOO@yahoo.com', '东方不败', 0, 1),
(47, 'SXUNT', '1eac22877714084fc3f51631fe5438a7', '127.0.0.1', 1436334287, 'sxunt520@163.com', '西门吹雪', 1, 1);

-- --------------------------------------------------------

--
-- 表的结构 `if43_adv`
--

CREATE TABLE IF NOT EXISTS `if43_adv` (
  `id` smallint(5) unsigned NOT NULL AUTO_INCREMENT COMMENT 'ID',
  `type_id` smallint(5) unsigned NOT NULL COMMENT '类型ID',
  `title` varchar(30) NOT NULL COMMENT '标题',
  `advimg` varchar(100) NOT NULL COMMENT '广告图地址',
  `jumpurl` varchar(255) NOT NULL COMMENT '跳转地址',
  `advorder` tinyint(4) NOT NULL DEFAULT '50' COMMENT '排序',
  `is_show` tinyint(3) unsigned NOT NULL DEFAULT '0' COMMENT '是否显示',
  PRIMARY KEY (`id`)
) ENGINE=MyISAM  DEFAULT CHARSET=utf8 COMMENT='广告表' AUTO_INCREMENT=40 ;

--
-- 转存表中的数据 `if43_adv`
--

INSERT INTO `if43_adv` (`id`, `type_id`, `title`, `advimg`, `jumpurl`, `advorder`, `is_show`) VALUES
(1, 1, 'banner1', '2015-07-21/55ae5c58838ed.jpg', 'https://www.baidu.com/', 50, 1),
(2, 1, 'banner2', '2015-07-21/55ae5c6d4b130.jpg', 'http://', 50, 1),
(3, 1, 'banner3', '2015-07-21/55ae5c7ec2f47.jpg', 'http://www.sxunt520.com/', 50, 1),
(5, 1, 'banner4', '2015-07-21/55ae5c918f1ee.jpg', 'http://if.com/', 50, 1),
(9, 2, '美味饼干代表大会', '2015-07-29/55b8f22e7bf9e.jpg', 'http://', 50, 1),
(8, 4, '发间精灵', '2015-07-15/55a673cecae57.jpg', 'http://', 50, 1),
(10, 2, '鲜花不败！真爱永存!', '2015-07-16/55a69549e7846.jpg', 'http://', 55, 1),
(11, 2, '秀出你的美腿！盛夏热裤清爽来袭!', '2015-07-29/55b8f20547c85.jpg', 'http://sxunt.com/', 60, 1),
(12, 5, '今年BF风特流行1', '2015-07-17/55a7e1f4cfc53.jpg', 'https://www.baidu.com/', 50, 1),
(13, 5, '今年BF风特流行2', '2015-07-17/55a7e20396288.jpg', 'http://', 50, 1),
(14, 5, '今年BF风特流行3', '2015-07-17/55a7e2160ba2c.jpg', 'http://', 50, 1),
(15, 5, '今年BF风特流行4', '2015-07-17/55a7e224c7aad.jpg', 'http://', 50, 1),
(16, 6, 'DEMO1', '2015-07-29/55b8f2addd5a9.jpg', 'http://', 50, 1),
(17, 6, 'DEMO2', '2015-07-29/55b8f2bce8a17.jpg', 'http://', 50, 1),
(18, 6, 'DEMO3', '2015-07-29/55b8f2ca14d11.jpg', 'http://', 50, 1),
(19, 7, '至美连衣裙', '2015-07-18/55a9eb7b62428.jpg', 'http://', 50, 1),
(20, 8, '雪纺时代', '2015-07-18/55a9fe479d653.jpg', 'http://', 50, 1),
(21, 9, '无', '2015-07-18/55aa01bcd4859.png', 'http://', 50, 1),
(22, 10, '鞋子', '2015-07-29/55b8f30219f1c.jpg', 'http://', 50, 1),
(23, 10, '鞋子2', '2015-07-29/55b8f30cc894c.jpg', 'http://', 50, 1),
(24, 10, '鞋子3', '2015-07-29/55b8f31e84530.jpg', 'http://', 50, 1),
(25, 11, '鞋子X', '2015-07-20/55acec483fc93.jpg', 'http://', 50, 1),
(26, 12, '人气钿嘴鞋', '2015-07-21/55ad1f6f3344b.jpg', 'http://', 50, 1),
(27, 13, 'banner2', '2015-07-21/55ad1fa16cbdf.png', 'http://', 50, 1),
(28, 14, 'bag1', '2015-07-29/55b8f36cbc676.jpg', 'http://', 50, 1),
(29, 14, 'bag2', '2015-07-29/55b8f377f3290.jpg', 'http://', 50, 1),
(30, 14, 'bag3', '2015-07-29/55b8f382eddaf.jpg', 'http://', 50, 1),
(31, 15, '青春不灭', '2015-07-21/55ada997e0d95.jpg', 'http://', 50, 1),
(32, 16, '品质真皮', '2015-07-21/55adb74613f86.jpg', 'http://', 50, 1),
(33, 17, 'baoBg', '2015-07-21/55adb763e8d96.png', 'http://', 50, 1),
(34, 18, 'ACC1', '2015-07-29/55b8f3e52e5ba.jpg', 'http://', 50, 1),
(35, 18, 'Acc2', '2015-07-29/55b8f3f078ad6.jpg', 'http://', 50, 1),
(37, 19, '&quot;链链&quot;不忘', '2015-07-21/55adc47dbc675.jpg', 'http://', 50, 1),
(38, 20, '华丽新饰界', '2015-07-21/55adf5a03437e.jpg', 'http://', 50, 1),
(39, 21, 'AccCatbg', '2015-07-21/55adf5e08df3c.png', 'http://', 50, 1);

-- --------------------------------------------------------

--
-- 表的结构 `if43_adv_type`
--

CREATE TABLE IF NOT EXISTS `if43_adv_type` (
  `type_id` smallint(5) unsigned NOT NULL AUTO_INCREMENT COMMENT 'ID',
  `type_name` varchar(50) NOT NULL COMMENT '广告类型名',
  `width` smallint(5) unsigned NOT NULL COMMENT '宽',
  `height` smallint(5) unsigned NOT NULL COMMENT '高',
  PRIMARY KEY (`type_id`)
) ENGINE=MyISAM  DEFAULT CHARSET=utf8 COMMENT='广告类型表' AUTO_INCREMENT=22 ;

--
-- 转存表中的数据 `if43_adv_type`
--

INSERT INTO `if43_adv_type` (`type_id`, `type_name`, `width`, `height`) VALUES
(1, '首页顶部Banner广告4张', 790, 435),
(2, '首页广告幻灯3张', 680, 330),
(10, '鞋子首页_广告幻灯3张', 680, 330),
(4, '首页今日新品广告1张', 220, 260),
(5, '首页左侧分类导航4张', 468, 121),
(6, '衣服首页_广告幻灯3张', 680, 330),
(7, '衣服首页_幻灯右侧1张', 255, 330),
(8, '衣服列表页_精选主题推荐1张', 265, 114),
(9, '衣服列表页_分类背景1张', 745, 281),
(11, '鞋子首页_幻灯右侧1张', 255, 330),
(12, '鞋子列表页_精选主题推荐1张', 265, 114),
(13, '鞋子列表页_分类背景1张', 745, 281),
(14, '包包首页_广告幻灯3张', 680, 330),
(15, '包包首页_幻灯右侧1张', 255, 330),
(16, '包包列表页_精选主题推荐1张', 265, 114),
(17, '包包列表页_分类背景1张', 745, 281),
(18, '配饰首页_广告幻灯3张', 680, 330),
(19, '配饰首页_幻灯右侧1张', 255, 330),
(20, '配饰列表页_精选主题推荐1张', 265, 114),
(21, '配饰列表页_分类背景1张', 745, 281);

-- --------------------------------------------------------

--
-- 表的结构 `if43_attribute`
--

CREATE TABLE IF NOT EXISTS `if43_attribute` (
  `attr_id` smallint(5) unsigned NOT NULL AUTO_INCREMENT COMMENT '商品属性ID',
  `attr_name` varchar(50) NOT NULL DEFAULT '' COMMENT '商品属性名称',
  `type_id` smallint(6) NOT NULL DEFAULT '0' COMMENT '商品属性所属类型ID',
  `attr_type` tinyint(4) NOT NULL DEFAULT '1' COMMENT '属性是否可选 0 为唯一，1为单选，2为多选',
  `attr_input_type` tinyint(4) NOT NULL DEFAULT '1' COMMENT '属性录入方式 0为手工录入，1为从列表中选择，2为文本域',
  `attr_value` text COMMENT '属性的值',
  `sort_order` tinyint(4) NOT NULL DEFAULT '50' COMMENT '属性排序依据',
  PRIMARY KEY (`attr_id`),
  KEY `type_id` (`type_id`)
) ENGINE=MyISAM  DEFAULT CHARSET=utf8 AUTO_INCREMENT=20 ;

--
-- 转存表中的数据 `if43_attribute`
--

INSERT INTO `if43_attribute` (`attr_id`, `attr_name`, `type_id`, `attr_type`, `attr_input_type`, `attr_value`, `sort_order`) VALUES
(1, '适用场景', 1, 2, 1, '甜蜜约会\r\n户外运动\r\n优雅聚会\r\n办公通勤\r\n旅游出行\r\n逛街购物', 50),
(2, '潮流风格', 1, 2, 1, '欧美\r\n韩版\r\n森女\r\n文艺风\r\n复古\r\n通勤\r\nBF风\r\n休闲风\r\n运动风\r\n甜美\r\n日系\r\n卖萌\r\n学院风\r\n小清新\r\n淑女\r\n英伦\r\n学院\r\n朋克\r\n休闲\r\n优雅\r\n个性\r\n可爱', 50),
(3, '流行元素', 1, 2, 1, '拼接\r\n波点\r\n碎花\r\n格纹\r\n镂空\r\n印花\r\n刺绣\r\n钩花\r\n褶皱\r\n牛仔\r\n破洞\r\n提花\r\n蕾丝\r\n撞色\r\n亮片\r\n条纹\r\n卡通\r\n翻领\r\n字母', 50),
(4, '适用场景', 2, 2, 1, '甜蜜约会\r\n户外运动\r\n优雅聚会\r\n办公通勤\r\n旅游出行\r\n逛街购物', 50),
(7, '适用场合 ', 3, 2, 1, '运动户外\r\n甜美约会\r\n旅游\r\n聚会\r\n通勤\r\n逛街\r\n晚宴', 50),
(8, '潮流风格', 3, 2, 1, '欧美\r\n韩版\r\n森女\r\n文艺风\r\n复古\r\n通勤\r\nBF风\r\n休闲风\r\n运动风\r\n甜美\r\n日系\r\n卖萌\r\n学院风\r\n小清新\r\n淑女\r\n英伦\r\n学院\r\n朋克\r\n休闲\r\n优雅\r\n个性\r\n可爱', 50),
(9, '材质', 3, 2, 1, '真皮\r\n牛皮\r\n羊皮\r\npu\r\n磨砂\r\n帆布\r\n漆皮\r\n防水\r\n草编', 50),
(12, '风格', 4, 2, 1, '个性\r\n复古\r\n可爱\r\n运动\r\n休闲\r\n森女\r\n日系\r\n韩版\r\n优雅', 50),
(13, '材质', 4, 2, 1, '银饰\r\n合金\r\n珍珠\r\n水晶\r\n串珠\r\n镶钻\r\n蕾丝\r\n皮\r\n锆石\r\n金饰', 50),
(14, '元素', 4, 2, 0, '珍珠\r\n字母\r\n晶石\r\n印花\r\n水果\r\n卡通\r\n花朵\r\n镶钻\r\n撞色\r\n三角形', 50),
(15, '适用场景', 5, 2, 1, '甜蜜约会\r\n户外运动\r\n优雅聚会\r\n办公通勤\r\n旅游出行\r\n逛街购物\r\n烛光晚宴', 50),
(16, '元素ELEMENT', 5, 2, 0, NULL, 50),
(17, '流行TREND', 5, 2, 0, NULL, 50),
(18, '潮流风格', 5, 2, 1, '欧美\r\n韩版\r\n森女\r\n文艺风\r\n复古\r\n通勤\r\nBF风\r\n休闲风\r\n运动风\r\n甜美\r\n日系\r\n卖萌\r\n学院风\r\n小清新\r\n淑女\r\n英伦\r\n学院\r\n朋克\r\n休闲\r\n优雅\r\n个性\r\n可爱', 50),
(19, '潮流风格', 2, 2, 1, '欧美\r\n韩版\r\n森女\r\n文艺风\r\n复古\r\n通勤\r\nBF风\r\n休闲风\r\n运动风\r\n甜美\r\n日系\r\n卖萌\r\n学院风\r\n小清新\r\n淑女\r\n英伦\r\n学院\r\n朋克\r\n休闲\r\n优雅\r\n个性\r\n可爱', 50);

-- --------------------------------------------------------

--
-- 表的结构 `if43_auth_group`
--

CREATE TABLE IF NOT EXISTS `if43_auth_group` (
  `id` mediumint(8) unsigned NOT NULL AUTO_INCREMENT,
  `title` char(100) NOT NULL DEFAULT '',
  `status` tinyint(1) NOT NULL DEFAULT '1' COMMENT '为1正常，为0禁用',
  `rules` varchar(1000) NOT NULL DEFAULT '' COMMENT '用户组拥有的规则id， 多个规则","隔开',
  PRIMARY KEY (`id`)
) ENGINE=MyISAM  DEFAULT CHARSET=utf8 AUTO_INCREMENT=6 ;

--
-- 转存表中的数据 `if43_auth_group`
--

INSERT INTO `if43_auth_group` (`id`, `title`, `status`, `rules`) VALUES
(1, '超级管理员组', 1, '95,1,149,148,147,146,145,28,29,30,31,32,33,34,144,143,142,141,140,139,138,137,136,135,134,133,132,131,130,129,128,127,54,55,56,57,126,125,124,123,122,121,120,119,118,117,116,115,114,92,93,91,113,112,111,110,109,108,107,106,105,104,103,101,99,100,88,97,96,94'),
(2, '管理员组', 1, '95,1,149,148,147,146,145,28,29,30,31,32,33,34,144,143,142,141,140,139,138,137,136,135,134,133,132,131,130,129,128,127,54,55,56,57,126,125,124,123,122,121,120,119,118,117,116,115,114,92,93,91,113,112,111,110,109,108,107,106,105,104,103,101,99,100,88,97,96,94'),
(3, '编辑组', 1, '1'),
(4, '打杂', 1, '95,1,31,144,143,137,131,127,54,117,112,108,107,103');

-- --------------------------------------------------------

--
-- 表的结构 `if43_auth_group_access`
--

CREATE TABLE IF NOT EXISTS `if43_auth_group_access` (
  `uid` mediumint(8) unsigned NOT NULL COMMENT '用户id',
  `group_id` mediumint(8) unsigned NOT NULL COMMENT '用户组id',
  UNIQUE KEY `uid_group_id` (`uid`,`group_id`),
  KEY `uid` (`uid`),
  KEY `group_id` (`group_id`)
) ENGINE=MyISAM DEFAULT CHARSET=utf8;

--
-- 转存表中的数据 `if43_auth_group_access`
--

INSERT INTO `if43_auth_group_access` (`uid`, `group_id`) VALUES
(1, 1),
(2, 2),
(47, 4);

-- --------------------------------------------------------

--
-- 表的结构 `if43_auth_rule`
--

CREATE TABLE IF NOT EXISTS `if43_auth_rule` (
  `id` mediumint(8) unsigned NOT NULL AUTO_INCREMENT,
  `name` char(80) NOT NULL DEFAULT '',
  `title` char(20) NOT NULL DEFAULT '' COMMENT '规则中文名称 status 状态',
  `type` tinyint(1) NOT NULL DEFAULT '1',
  `status` tinyint(1) NOT NULL DEFAULT '1' COMMENT '为1正常，为0禁用',
  `condition` char(100) NOT NULL DEFAULT '' COMMENT '规则表达式，为空表示存在就验证，不为空表示按照条件验证',
  PRIMARY KEY (`id`),
  UNIQUE KEY `name` (`name`)
) ENGINE=MyISAM  DEFAULT CHARSET=utf8 AUTO_INCREMENT=150 ;

--
-- 转存表中的数据 `if43_auth_rule`
--

INSERT INTO `if43_auth_rule` (`id`, `name`, `title`, `type`, `status`, `condition`) VALUES
(95, 'Auth/authList', '权限列表页', 1, 1, ''),
(1, 'index/index', '后台首页', 1, 1, ''),
(149, 'Comment/deleteall', '批量处理评价', 1, 1, ''),
(148, 'Comment/deleteReply', '删除评论回复', 1, 1, ''),
(147, 'Comment/delete', '删除评价', 1, 1, ''),
(146, 'Comment/editReply', '修改评论回复', 1, 1, ''),
(145, 'Comment/edit', '修改评价', 1, 1, ''),
(28, 'manager/add', '添加管理员', 1, 1, ''),
(29, 'manager/add_doit', '添加管理员Do', 1, 1, ''),
(30, 'manager/del', '删除管理员', 1, 1, ''),
(31, 'manager/index', '管理员列表', 1, 1, ''),
(32, 'manager/save', '修改管理员', 1, 1, ''),
(33, 'manager/save_doit', '修改管理员Do', 1, 1, ''),
(34, 'manager/search', '搜索管理员', 1, 1, ''),
(144, 'Comment/reply', '查看评价回复列表', 1, 1, ''),
(143, 'Comment/index', '评价列表', 1, 1, ''),
(142, 'Member/deleteall', '批量处理会员', 1, 1, ''),
(141, 'Member/delete', '删除会员', 1, 1, ''),
(140, 'Member/editPwd', '修改会员密码', 1, 1, ''),
(139, 'Member/edit', '修改会员资料', 1, 1, ''),
(138, 'Member/add', '添加会员', 1, 1, ''),
(137, 'Member/index', '会员列表', 1, 1, ''),
(136, 'Category/updateAll', '批量更新分类排序', 1, 1, ''),
(135, 'Adv/deleteall', '批删除广告', 1, 1, ''),
(134, 'Adv/delete', '删除广告', 1, 1, ''),
(133, 'Adv/edit', '修改广告', 1, 1, ''),
(132, 'Adv/add', '添加广告', 1, 1, ''),
(131, 'Adv/index', '广告列表', 1, 1, ''),
(130, 'AdvType/delete', '删除广告类型', 1, 1, ''),
(129, 'AdvType/edit', '修改广告类型', 1, 1, ''),
(128, 'AdvType/add', '添加广告类型', 1, 1, ''),
(127, 'AdvType/index', '广告类型列表', 1, 1, ''),
(54, 'Auth/index', '角色列表页', 1, 1, ''),
(55, 'Auth/modauth', '修改组权限', 1, 1, ''),
(56, 'Auth/saveauth', '更新组权限', 1, 1, ''),
(57, 'Auth/mod', '进入修改组权限页', 1, 1, ''),
(126, 'Attribute/editAttrs', '获取需要修改的属性', 1, 1, ''),
(125, 'Attribute/getAttrs', '获取类型下的属性', 1, 1, ''),
(124, 'Pro/sel2', '自动加载相关类别', 1, 1, ''),
(123, 'Pro/sel', '精品类别查询', 1, 1, ''),
(122, 'Pro/deleteall', '精品批量操作', 1, 1, ''),
(121, 'Pro/deleteImg', '删除画册图片', 1, 1, ''),
(120, 'Pro/delete', '精品删除', 1, 1, ''),
(119, 'Pro/edit', '精品修改', 1, 1, ''),
(118, 'Pro/add', '精品添加', 1, 1, ''),
(117, 'Pro/index', '精品列表页', 1, 1, ''),
(116, 'Attribute/deleteall', '批量删除属性', 1, 1, ''),
(115, 'Attribute/delete', '属性删除', 1, 1, ''),
(114, 'Attribute/edit', '属性修改', 1, 1, ''),
(92, 'manager/savepwd', '保存修改管理员密码', 1, 1, ''),
(93, 'manager/changeauth', '修改管理员权限', 1, 1, ''),
(91, 'manager/changepwd', '修改管理员密码', 1, 1, ''),
(113, 'Attribute/add', '添加属性', 1, 1, ''),
(112, 'Attribute/index', '属性首页', 1, 1, ''),
(111, 'Type/delete', '精品类型删除', 1, 1, ''),
(110, 'Type/edit', '精品类别修改', 1, 1, ''),
(109, 'Type/add', '精品类别添加', 1, 1, ''),
(108, 'Type/index', '精品类型首页', 1, 1, ''),
(107, 'Category/sel', '商品类别查询', 1, 1, ''),
(106, 'Category/delete', '删除分类', 1, 1, ''),
(105, 'Category/edit', '修改分类', 1, 1, ''),
(104, 'Category/add', '添加分类', 1, 1, ''),
(103, 'Category/index', '精品分类', 1, 1, ''),
(101, 'Auth/deleteRole', '删除权限角色', 1, 1, ''),
(99, 'Auth/delete', '删除管理权限', 1, 1, ''),
(100, 'Auth/addRole', '添加角色组', 1, 1, ''),
(88, 'manager/deleteall', '屏蔽还是 开启', 1, 1, ''),
(97, 'Auth/authEdit', '修改管理权限', 1, 1, ''),
(96, 'Auth/add', '添加管理权限', 1, 1, ''),
(94, 'manager/saveauth', '修改权限', 1, 1, '');

-- --------------------------------------------------------

--
-- 表的结构 `if43_category`
--

CREATE TABLE IF NOT EXISTS `if43_category` (
  `cat_id` smallint(5) unsigned NOT NULL AUTO_INCREMENT COMMENT '商品类别ID',
  `cat_name` varchar(30) NOT NULL DEFAULT '' COMMENT '商品类别名称',
  `parent_id` smallint(5) unsigned NOT NULL DEFAULT '0' COMMENT '商品类别父ID',
  `cat_desc` varchar(255) NOT NULL DEFAULT '' COMMENT '商品类别描述',
  `sort_order` smallint(10) NOT NULL DEFAULT '50' COMMENT '排序依据',
  `unit` varchar(15) NOT NULL DEFAULT '' COMMENT '单位',
  `is_show` tinyint(4) NOT NULL DEFAULT '1' COMMENT '是否显示，默认显示',
  `is_tj` tinyint(4) NOT NULL DEFAULT '0' COMMENT '是否推荐',
  PRIMARY KEY (`cat_id`),
  KEY `pid` (`parent_id`),
  KEY `sort_order` (`sort_order`)
) ENGINE=MyISAM  DEFAULT CHARSET=utf8 AUTO_INCREMENT=161 ;

--
-- 转存表中的数据 `if43_category`
--

INSERT INTO `if43_category` (`cat_id`, `cat_name`, `parent_id`, `cat_desc`, `sort_order`, `unit`, `is_show`, `is_tj`) VALUES
(1, '衣服', 0, '', 4000, '', 1, 0),
(2, '鞋子', 0, '', 3000, '', 1, 0),
(3, '包包', 0, '', 2000, '', 1, 0),
(4, '配饰', 0, '', 1000, '', 1, 0),
(5, '上衣TOPS', 1, '', 300, '', 1, 0),
(6, '裤子TROUSERS', 1, '', 200, '', 1, 0),
(7, '裙子DRESSES', 1, '', 100, '', 1, 0),
(8, 'T恤', 5, '', 500, '', 1, 1),
(9, '懒人套装', 5, '', 250, '', 1, 1),
(10, '背心吊带', 5, '', 50, '', 1, 0),
(11, '雪纺衫', 5, '', 510, '', 1, 1),
(12, '轻薄外套', 5, '', 50, '', 1, 0),
(13, '夏日衬衫', 5, '', 460, '', 1, 0),
(14, '防晒衫', 5, '', 462, '', 1, 0),
(15, '字母T恤', 5, '', 50, '', 1, 0),
(16, '情侣装', 5, '', 50, '', 1, 1),
(17, '雪纺衬衫', 5, '', 50, '', 1, 0),
(18, '娃娃衫', 5, '', 50, '', 1, 0),
(19, '蕾丝衫', 5, '', 50, '', 1, 1),
(20, '童趣卡通', 5, '', 50, '', 1, 0),
(21, '韩版短裤', 6, '', 50, '', 1, 1),
(22, '牛仔裤', 6, '', 50, '', 1, 1),
(23, '阔腿裤', 6, '', 50, '', 1, 0),
(24, '背带裤', 6, '', 50, '', 1, 1),
(25, '九分裤', 6, '', 50, '', 1, 0),
(26, '哈伦裤', 6, '', 50, '', 1, 0),
(27, '小脚裤', 6, '', 50, '', 1, 1),
(28, '破洞牛仔裤', 6, '', 50, '', 1, 1),
(29, '显瘦裤子榜', 6, '', 50, '', 1, 0),
(30, '休闲裤', 6, '', 440, '', 1, 1),
(31, '运动裤', 6, '', 500, '', 1, 0),
(32, '铅笔裤', 6, '', 480, '', 1, 0),
(33, '打底裤', 6, '', 460, '', 1, 1),
(34, '连衣裙', 7, '', 460, '', 1, 1),
(35, '裙子套装', 7, '', 50, '', 1, 0),
(36, '韩范美裙', 7, '', 50, '', 1, 1),
(37, '半身裙', 7, '', 50, '', 1, 1),
(38, '长裙', 7, '', 50, '', 1, 0),
(39, '印花裙', 7, '', 480, '', 1, 0),
(40, '背带裙', 7, '', 50, '', 1, 0),
(41, '蕾丝裙', 7, '', 50, '', 1, 0),
(42, '雪纺裙', 7, '', 500, '', 1, 1),
(43, '衬衫裙', 7, '', 50, '', 1, 1),
(44, '包臀裙', 7, '', 50, '', 1, 0),
(45, '背心裙', 7, '', 50, '', 1, 0),
(46, 'T恤裙', 7, '', 470, '', 1, 0),
(47, '款式STYLE', 2, '', 300, '', 1, 0),
(48, '元素ELEMENT', 2, '', 200, '', 1, 0),
(49, '潮流风格*', 2, '', 100, '', 1, 0),
(50, '人字拖', 47, '', 50, '', 1, 0),
(51, '凉拖鞋', 47, '', 55, '', 1, 1),
(52, '运动凉鞋', 47, '', 50, '', 1, 0),
(53, '沙滩鞋', 47, '', 50, '', 1, 1),
(54, '坡跟鞋', 47, '', 50, '', 1, 1),
(55, '厚底单鞋', 47, '', 50, '', 1, 0),
(56, '一脚蹬', 47, '', 50, '', 1, 0),
(57, '果冻鞋', 47, '', 50, '', 1, 1),
(58, '中跟单鞋', 47, '', 50, '', 1, 0),
(59, '牛津鞋', 47, '', 50, '', 1, 1),
(60, '圆头鞋', 47, '', 50, '', 1, 0),
(61, '婚鞋', 47, '', 50, '', 1, 0),
(62, '踝带款', 48, '', 50, '', 1, 1),
(63, '黑白百搭', 48, '', 50, '', 1, 0),
(64, '透明', 48, '', 50, '', 1, 1),
(65, '夹趾凉鞋', 48, '', 50, '', 1, 0),
(66, '绑带凉鞋', 48, '', 50, '', 1, 0),
(67, '松糕鞋', 48, '', 50, '', 1, 0),
(68, '麻底鞋', 48, '', 50, '', 1, 0),
(69, '搭扣款', 48, '', 50, '', 1, 0),
(70, '真皮', 48, '', 50, '', 1, 1),
(71, '水钻Bling', 48, '', 50, '', 1, 0),
(72, '手工定制', 48, '', 50, '', 1, 0),
(73, '铆钉', 48, '', 50, '', 1, 0),
(75, '轻熟上班', 49, '', 50, '', 1, 0),
(76, '学生党', 49, '', 50, '', 1, 0),
(77, '日韩系', 49, '', 50, '', 1, 0),
(78, '明星同款', 49, '', 50, '', 1, 0),
(79, '欧美范', 49, '', 50, '', 1, 0),
(80, '假期出游', 49, '', 50, '', 1, 0),
(81, '约会必备', 49, '', 50, '', 1, 0),
(82, '糖果色', 49, '', 50, '', 1, 0),
(83, '情侣款', 49, '', 50, '', 1, 0),
(84, '原宿风', 49, '', 50, '', 1, 0),
(85, '复古擦色', 49, '', 50, '', 1, 0),
(86, '款式STYLE', 3, '', 300, '', 1, 0),
(87, '元素ELEMENTS*', 3, '', 200, '', 1, 0),
(88, '流行TREND', 3, '', 250, '', 1, 0),
(89, '双肩包', 86, '', 50, '', 1, 0),
(90, '斜挎包', 86, '', 50, '', 1, 1),
(91, '单肩包', 86, '', 50, '', 1, 1),
(92, '手提包', 86, '', 55, '', 1, 0),
(93, '旅行箱', 86, '', 50, '', 1, 0),
(94, '钱包', 86, '', 50, '', 1, 0),
(95, '手拿包', 86, '', 50, '', 1, 1),
(96, '帆布包', 86, '', 50, '', 1, 1),
(97, '零钱包', 86, '', 50, '', 1, 0),
(98, '腰包', 86, '', 50, '', 1, 0),
(99, '旅行包', 86, '', 50, '', 1, 0),
(100, '电脑包', 86, '', 50, '', 1, 0),
(101, '化妆收纳', 86, '', 50, '', 1, 0),
(102, '格纹', 87, '', 50, '', 1, 0),
(103, '编织', 87, '', 50, '', 1, 0),
(104, '锁扣', 87, '', 50, '', 1, 0),
(105, '铆钉', 87, '', 50, '', 1, 0),
(106, '流苏', 87, '', 50, '', 1, 0),
(107, 'PU', 87, '', 50, '', 1, 0),
(108, '印花', 87, '', 50, '', 1, 0),
(109, '糖果', 87, '', 50, '', 1, 0),
(110, '拼接', 87, '', 50, '', 1, 0),
(111, '字母包', 87, '', 50, '', 1, 0),
(112, '蝴蝶结', 87, '', 50, '', 1, 0),
(113, '磨砂', 87, '', 50, '', 1, 0),
(114, '贝壳包', 88, '', 50, '', 1, 1),
(115, '方形包', 88, '', 50, '', 1, 1),
(116, '链条包', 88, '', 50, '', 1, 1),
(117, '水桶包', 88, '', 50, '', 1, 0),
(118, '复古包', 88, '', 50, '', 1, 1),
(119, '子母包', 88, '', 50, '', 1, 0),
(120, '果冻包', 88, '', 50, '', 1, 0),
(121, '邮差包', 88, '', 50, '', 1, 0),
(122, '卡通包', 88, '', 50, '', 1, 0),
(123, '马卡龙色', 88, '', 50, '', 1, 0),
(124, '机车包', 88, '', 50, '', 1, 0),
(125, '印花包', 88, '', 50, '', 1, 1),
(126, '铆钉包', 88, '', 50, '', 1, 0),
(127, '蝙蝠包', 88, '', 50, '', 1, 0),
(128, '首饰JEWELRY', 4, '', 300, '', 1, 0),
(129, '装扮DRESS UP', 4, '', 270, '', 1, 0),
(130, '元素ELEMENTS*', 4, '', 250, '', 1, 0),
(131, '锁骨链', 128, '', 50, '', 1, 1),
(132, '耳钉', 128, '', 50, '', 1, 0),
(133, '项链', 128, '', 50, '', 1, 1),
(134, '戒指', 128, '', 50, '', 1, 1),
(135, '手链', 128, '', 50, '', 1, 1),
(136, '脚链', 128, '', 50, '', 1, 0),
(137, '手镯', 128, '', 50, '', 1, 1),
(138, '银饰', 128, '', 50, '', 1, 1),
(139, '耳环', 128, '', 50, '', 1, 1),
(140, '胸针', 128, '', 50, '', 1, 1),
(141, 'iPhone壳', 129, '', 50, '', 1, 0),
(142, '棒球帽', 129, '', 50, '', 1, 0),
(143, '眼镜', 129, '', 50, '', 1, 0),
(144, '墨镜', 129, '', 50, '', 1, 0),
(145, '发夹', 129, '', 50, '', 1, 1),
(146, '发带', 129, '', 60, '', 1, 1),
(147, 'ipad壳', 129, '', 50, '', 1, 0),
(148, '懒人必备', 129, '', 50, '', 1, 0),
(149, '假发', 129, '', 50, '', 1, 0),
(150, '珍珠', 130, '', 50, '', 1, 0),
(151, '字母', 130, '', 50, '', 1, 0),
(152, '晶石', 130, '', 50, '', 1, 0),
(153, '印花', 130, '', 50, '', 1, 0),
(154, '水果', 130, '', 50, '', 1, 0),
(155, '卡通', 130, '', 50, '', 1, 0),
(156, '花朵', 130, '', 50, '', 1, 0),
(157, '镶钻', 130, '', 50, '', 1, 0),
(158, '撞色', 130, '', 50, '', 1, 0),
(159, '三角形', 130, '', 50, '', 1, 0),
(160, '其它', 128, '', 50, '', 1, 0);

-- --------------------------------------------------------

--
-- 表的结构 `if43_comment`
--

CREATE TABLE IF NOT EXISTS `if43_comment` (
  `id` int(10) unsigned NOT NULL AUTO_INCREMENT,
  `pid` int(10) unsigned NOT NULL DEFAULT '0' COMMENT '父id',
  `uid` int(10) unsigned DEFAULT NULL COMMENT '用户id',
  `username` varchar(20) NOT NULL COMMENT '用户名',
  `content` text NOT NULL COMMENT '评论内容',
  `reply` text COMMENT '回复内容',
  `pro_id` int(10) unsigned NOT NULL COMMENT '评论精品id',
  `time` int(10) unsigned NOT NULL COMMENT '评论时间',
  `is_show` int(1) unsigned NOT NULL DEFAULT '1' COMMENT '是否显示',
  PRIMARY KEY (`id`)
) ENGINE=MyISAM  DEFAULT CHARSET=utf8 COMMENT='精品评论表' AUTO_INCREMENT=153 ;

--
-- 转存表中的数据 `if43_comment`
--

INSERT INTO `if43_comment` (`id`, `pid`, `uid`, `username`, `content`, `reply`, `pro_id`, `time`, `is_show`) VALUES
(1, 0, 3, 'Kiray', '性感气质的深V领，第一眼就彻底爱上了！', NULL, 10, 1437757386, 1),
(2, 0, 3, 'Kiray', '雪纺面料拼接镂空蕾丝，成本高，对缝裁剪，非常耗料 干净利落的裁剪拼接 服帖有型 好看到爆~镂空刺绣绣花面料拼接，手感不错 镂空的透气舒适度可想而知 最热的夏天穿也完全可以的！！', NULL, 10, 1437757415, 1),
(3, 0, 3, 'Kiray', '手感不错 镂空的透气舒适度可想而知 最热的夏天穿也完全可以的！！', NULL, 10, 1437758895, 1),
(4, 0, 3, 'Kiray', '非常耗料 干净利落的裁剪拼接 服帖有型 好看到爆~镂空刺绣绣花面料拼接，', NULL, 10, 1437758905, 1),
(5, 0, 3, 'Kiray', '我家的渔夫鞋也是舒适的代名词，工艺成熟，上脚无比舒适。', NULL, 65, 1437760714, 1),
(6, 0, 3, 'Kiray', '男女通用贴布迷彩平沿帽', NULL, 66, 1437760887, 1),
(7, 0, 2, 'YOYO', '料子是雪纺的哦~夏天穿超级舒服，和服的设计灵感，', NULL, 38, 1437763351, 1),
(8, 0, 2, 'YOYO', '1精品定制，版型正，面料优质，做工精细！款式独特', NULL, 37, 1437763370, 1),
(9, 0, 2, 'YOYO', '随意百搭无论是T恤或者衬衣效果都非常不错！不起球不变形，裤型好到爆！', NULL, 34, 1437763388, 1),
(10, 0, 4, 'NEXT', '和服的设计灵感，背面也是超级好看的', NULL, 38, 1437790274, 1),
(138, 137, 0, '匿名', '新款糖果色雪纺吊带背心', NULL, 20, 1438096780, 1),
(12, 0, 4, 'NEXT', '非常有个性的一款牛仔短裤，超级显瘦！', NULL, 35, 1437790311, 1),
(13, 0, 6, 'Purple', '非常好看，推荐给各位菇凉哦 ', NULL, 36, 1437791110, 1),
(14, 0, 6, 'Purple', '秋款百搭划破修身显瘦铅笔小脚裤', NULL, 36, 1437791116, 1),
(15, 0, 4, 'NEXT', '好看！ 有个性！~', NULL, 36, 1437791174, 1),
(16, 0, 4, 'NEXT', '随意百搭无论是T恤或者衬衣效果都非常不错！不起球不变形，裤型好到爆！', NULL, 34, 1437791198, 1),
(17, 0, 4, 'NEXT', '工艺成熟，上脚无比舒适。', NULL, 65, 1437819067, 1),
(18, 0, 4, 'NEXT', '这个款在国外也是非常的潮，很多明星也在穿的哦！', NULL, 65, 1437819080, 1),
(19, 0, 4, 'NEXT', '姑凉们，不要犹豫了哦，赶紧收了它吧！！', NULL, 65, 1437819094, 1),
(20, 19, 4, 'NEXT', 'YOYOYOYOYOYOYOYO', NULL, 65, 1437827499, 1),
(21, 19, 4, 'NEXT', 'HOHOHOHOHOHO', NULL, 65, 1437827547, 1),
(22, 5, 4, 'NEXT', 'Kiray你好！', NULL, 65, 1437828420, 1),
(23, 0, 0, '匿名', '七分纯棉打底裤，女士夏季糖果色薄款小脚裤', NULL, 33, 1437830873, 1),
(24, 15, 0, '匿名', '七分纯棉打底裤，女士夏季糖果色薄款小脚裤', NULL, 36, 1437830912, 1),
(25, 14, 0, '匿名', '小脚裤不错!', NULL, 36, 1437831440, 1),
(26, 0, 0, '匿名', '推荐给各位菇凉哦 ', NULL, 36, 1437831508, 1),
(27, 0, 0, '匿名', '随意百搭无论是T恤或者衬衣效果都非常不错！', NULL, 34, 1437831747, 1),
(28, 0, 0, '匿名', '不起球不变形，裤型好到爆！', NULL, 34, 1437831764, 1),
(29, 28, 0, '匿名', '真的假的呀！', NULL, 34, 1437831905, 1),
(30, 16, 0, '匿名', '非常不错非常不错非常不错', NULL, 34, 1437832707, 1),
(31, 16, 0, '匿名', '非常不错非常不错非常不错', NULL, 34, 1437832774, 1),
(32, 16, 0, '匿名', '裤型好到爆!', NULL, 34, 1437832859, 1),
(33, 8, 0, '匿名', '做工精细！', NULL, 37, 1437833315, 1),
(34, 8, 0, '匿名', '款式独特款式独特款式独特款式独特', NULL, 37, 1437833435, 1),
(35, 8, 0, '匿名', '版型正', NULL, 37, 1437833509, 1),
(36, 8, 0, '匿名', 'TEST', NULL, 37, 1437833914, 1),
(37, 28, 0, '匿名', '裤型好到爆！裤型好到爆！', NULL, 34, 1437834064, 1),
(38, 27, 0, '匿名', '衬衣效果都非常不错！', NULL, 34, 1437834104, 1),
(39, 27, 0, '匿名', 'XXXXXX', NULL, 34, 1437834151, 1),
(40, 28, 0, '匿名', 'TEST', NULL, 34, 1437834225, 1),
(41, 23, 3, 'Kiray', '小脚裤\\小脚裤\\', NULL, 33, 1437834630, 1),
(42, 23, 3, 'Kiray', '小脚裤\\小脚裤\\', NULL, 33, 1437834635, 1),
(43, 23, 3, 'Kiray', '女士夏季糖果色薄', NULL, 33, 1437834911, 1),
(44, 23, 3, 'Kiray', '小脚裤吗?', NULL, 33, 1437835095, 1),
(45, 23, 3, 'Kiray', 'TEST', NULL, 33, 1437835267, 1),
(46, 0, 3, 'Kiray', '', NULL, 33, 1437835662, 1),
(47, 46, 3, 'Kiray', '', NULL, 33, 1437836204, 1),
(48, 23, 3, 'Kiray', '季糖果色薄款', NULL, 33, 1437836218, 1),
(49, 46, 3, 'Kiray', 'VVVV', NULL, 33, 1437836312, 1),
(50, 46, 3, 'Kiray', 'VVVVHHHH', NULL, 33, 1437836416, 1),
(51, 0, 3, 'Kiray', '', NULL, 33, 1437836678, 1),
(52, 51, 3, 'Kiray', 'vvv', NULL, 33, 1437836691, 1),
(53, 51, 3, 'Kiray', 'vvv', NULL, 33, 1437836743, 1),
(54, 46, 3, 'Kiray', 'ccc', NULL, 33, 1437836891, 1),
(55, 51, 3, 'Kiray', 'YOHOOOO!!', NULL, 33, 1437836963, 1),
(56, 0, 3, 'Kiray', '女士夏季糖果色薄款小脚裤', NULL, 33, 1437837005, 1),
(57, 0, 3, 'Kiray', '外面薄薄的镂空加一个小背心，上身真的超级好看啦，我不会写文案', NULL, 29, 1437837097, 1),
(58, 0, 3, 'Kiray', '路特别特别的喜欢，因为显得特别有质感。', NULL, 29, 1437837107, 1),
(59, 0, 3, 'Kiray', '我不会写文案，都不知道怎么描述我对它的喜欢，', NULL, 29, 1437837118, 1),
(60, 59, 3, 'Kiray', '我不会写文案，都不知道怎么描述我对它的喜欢，', NULL, 29, 1437837127, 1),
(61, 0, 3, 'Kiray', '约会，上班，shopping，狂欢；', NULL, 30, 1437837276, 1),
(62, 61, 3, 'Kiray', '约会，上班，shopping，狂欢；', NULL, 30, 1437837284, 1),
(63, 61, 3, 'Kiray', '约会，上班，shopping，狂欢；', NULL, 30, 1437837292, 1),
(64, 61, 3, 'Kiray', '约会，上班，shopping，狂欢；', NULL, 30, 1437837298, 1),
(65, 0, 3, 'Kiray', '潮流的款式好穿到出乎我的意料之外', NULL, 30, 1437837304, 1),
(66, 65, 3, 'Kiray', '潮流的款式好穿到出乎我的意料之外', NULL, 30, 1437837314, 1),
(67, 17, 3, 'Kiray', '', NULL, 65, 1437841737, 1),
(68, 0, 4, 'NEXT', '第一眼就彻底爱上了！', NULL, 10, 1437872649, 1),
(69, 68, 4, 'NEXT', '爱上了！', NULL, 10, 1437874769, 1),
(70, 3, 4, 'NEXT', ' 镂空的透气舒适度', NULL, 10, 1437874778, 1),
(71, 1, 4, 'NEXT', '第一眼就彻底爱上了！', NULL, 10, 1437874786, 1),
(72, 19, 4, 'NEXT', '不要犹豫了哦', NULL, 65, 1437882943, 1),
(73, 28, 4, 'NEXT', '裤型好到爆！', NULL, 34, 1437897009, 1),
(74, 0, 4, 'NEXT', '非常好看!', NULL, 36, 1437921518, 1),
(75, 0, 4, 'NEXT', '菇凉哦', NULL, 36, 1437921624, 1),
(76, 0, 4, 'NEXT', '春夏新款韩版一脚蹬透气半拖帆布鞋厚底豹纹套脚懒人鞋帆布鞋拖鞋637白黑色', NULL, 44, 1437921698, 1),
(77, 0, 4, 'NEXT', '脚蹬透气半拖帆布鞋厚底豹', NULL, 44, 1437923588, 1),
(78, 0, 4, 'NEXT', 'TEST', NULL, 44, 1437923801, 1),
(79, 0, 4, 'NEXT', 'DEMO', NULL, 44, 1437923847, 1),
(80, 0, 4, 'NEXT', '时尚大花朵水晶果冻凉鞋', NULL, 45, 1437923929, 1),
(81, 0, 4, 'NEXT', '防滑 时尚 百搭', NULL, 45, 1437923949, 1),
(82, 0, 4, 'NEXT', '超级显瘦！', NULL, 35, 1437924013, 1),
(83, 0, 4, 'NEXT', '一款牛仔短裤', NULL, 35, 1437924291, 1),
(84, 0, 4, 'NEXT', '显瘦显瘦显瘦', NULL, 35, 1437924329, 1),
(124, 121, 0, '匿名', '一字拖凉拖厚底松糕平跟1', NULL, 40, 1438055181, 1),
(87, 86, 4, 'NEXT', 'BBBB', NULL, 33, 1437925075, 1),
(88, 86, 4, 'NEXT', 'BBBB', NULL, 33, 1437925097, 1),
(89, 86, 4, 'NEXT', 'BBBB', NULL, 33, 1437925103, 1),
(91, 90, 4, 'NEXT', '小脚裤小脚裤', NULL, 33, 1437925358, 1),
(92, 90, 4, 'NEXT', 'NEXT\nNEXT', NULL, 33, 1437925389, 1),
(94, 93, 4, 'NEXT', 'VVV', NULL, 33, 1437925554, 1),
(137, 0, 0, '匿名', '新款糖果色雪纺吊带背心', NULL, 20, 1438096771, 1),
(96, 0, 4, 'NEXT', '上脚气质显身材，爱美的概念不要错过', NULL, 46, 1437926174, 1),
(97, 0, 4, 'NEXT', '爱美的概念不要错过', NULL, 46, 1437926188, 1),
(98, 97, 4, 'NEXT', '爱美的概念不要错过', NULL, 46, 1437926211, 1),
(99, 96, 4, 'NEXT', '爱美的概念不要错过', NULL, 46, 1437926218, 1),
(100, 0, 4, 'NEXT', '手包手拿包单肩包斜挎小包包', NULL, 48, 1437926264, 1),
(135, 106, 0, '匿名', '不得不说', NULL, 32, 1438056582, 1),
(102, 101, 0, '匿名', '时尚杂志款粗跟凉鞋', NULL, 11, 1437926298, 1),
(103, 101, 0, '匿名', '时尚杂志款粗跟凉鞋', NULL, 11, 1437926303, 1),
(105, 104, 0, '匿名', '凉鞋', NULL, 11, 1437926323, 1),
(106, 0, 8, 'Angela', '店主自留款，不得不说，此款裤裤，绝非圣贤！', NULL, 32, 1437928023, 1),
(107, 0, 8, 'Angela', '不仅具有不同凡响的塑腿型效果，', NULL, 32, 1437928034, 1),
(108, 68, 8, 'Angela', '不仅具有不同凡响的塑腿型效果，', NULL, 10, 1437928045, 1),
(109, 0, 8, 'Angela', '不仅具有不同凡响的塑腿型效果，', NULL, 10, 1437928052, 1),
(110, 0, 11, 'BabyHoo', '精品定制，版型正，面料优质，做工精细！款式独特~', NULL, 37, 1437928579, 1),
(111, 8, 11, 'BabyHoo', '精品定制，版型正，面料优质，做工精细！款式独特~', NULL, 37, 1437928586, 1),
(112, 109, 0, '匿名', '手感不错 镂空的透气舒适度可想而知 ', NULL, 10, 1437934109, 1),
(113, 4, 0, '匿名', '非常耗料', NULL, 10, 1437934124, 1),
(114, 3, 0, '匿名', '非常耗料', NULL, 10, 1437934134, 1),
(115, 1, 0, '匿名', '第一眼就彻底爱上了！v', NULL, 10, 1437934142, 1),
(116, 2, 0, '匿名', '好看到爆', NULL, 10, 1437934149, 1),
(117, 0, 0, '匿名', '好看到爆!', NULL, 10, 1437934171, 1),
(136, 0, 0, '匿名', '小西装雪纺披肩外套', NULL, 19, 1438096410, 1),
(120, 119, 0, '匿名', '大大的简单圆框型设计', NULL, 64, 1438015564, 1),
(121, 0, 0, '匿名', '一字拖凉拖厚底松糕平跟凉拖鞋女凉拖鞋夏黑色ii35', NULL, 40, 1438018784, 1),
(139, 0, 0, '匿名', '新款单鞋春季女高跟鞋粗跟', NULL, 43, 1438096967, 1),
(140, 0, 0, '匿名', '在珍珠的衬托下，特别镶嵌施华洛世奇元素水晶', NULL, 61, 1438097197, 1),
(141, 0, 0, '匿名', '元素水晶手镯', NULL, 60, 1438097214, 1),
(142, 0, 0, '匿名', '采用施华洛世奇', NULL, 60, 1438097221, 1),
(143, 0, 0, '匿名', '锁骨吊坠', NULL, 58, 1438097242, 1),
(144, 0, 0, '匿名', '施华洛世奇纯银水晶项链', NULL, 58, 1438097249, 1),
(145, 0, 0, '匿名', '很朋克', NULL, 9, 1438097276, 1),
(146, 0, 0, '匿名', '不易褪色', NULL, 9, 1438097279, 1),
(147, 97, 0, '匿名', '美腿呀/!', NULL, 46, 1438249353, 1),
(148, 0, 0, '匿名', ' 喜欢的赶紧入手噢！！！', NULL, 27, 1438249992, 1),
(149, 148, 0, '匿名', '非常好搭', NULL, 27, 1438250013, 1),
(150, 0, 0, '匿名', '非常好看！', NULL, 23, 1438271634, 1),
(151, 0, 0, '匿名', '轻便而且很耐用！', NULL, 51, 1438333212, 1),
(152, 151, 0, '匿名', '耐用', NULL, 51, 1438444365, 1);

-- --------------------------------------------------------

--
-- 表的结构 `if43_galary`
--

CREATE TABLE IF NOT EXISTS `if43_galary` (
  `img_id` int(10) unsigned NOT NULL AUTO_INCREMENT COMMENT '图片编号',
  `pro_id` int(10) unsigned NOT NULL DEFAULT '0' COMMENT '商品ID',
  `img_url` varchar(100) NOT NULL COMMENT '图片URL',
  `thumb_url` varchar(100) NOT NULL DEFAULT '' COMMENT '缩略图URL',
  `img_desc` text NOT NULL COMMENT '图片描述',
  PRIMARY KEY (`img_id`),
  KEY `goods_id` (`pro_id`)
) ENGINE=MyISAM  DEFAULT CHARSET=utf8 AUTO_INCREMENT=169 ;

--
-- 转存表中的数据 `if43_galary`
--

INSERT INTO `if43_galary` (`img_id`, `pro_id`, `img_url`, `thumb_url`, `img_desc`) VALUES
(17, 4, '2015-07-15/55a678c0d7a4c.jpg', '2015-07-15/thumb_url_55a678c0d7a4c.jpg', '韩版可爱卡通印花纯棉短袖t恤'),
(16, 4, '2015-07-15/55a678c0d6088.jpg', '2015-07-15/thumb_url_55a678c0d6088.jpg', '韩版可爱卡通印花纯棉短袖t恤'),
(168, 66, '2015-07-21/55ae5a2805a3d.jpg', '2015-07-21/thumb_url_55ae5a2805a3d.jpg', ''),
(167, 66, '2015-07-21/55ae5a2804827.jpg', '2015-07-21/thumb_url_55ae5a2804827.jpg', ''),
(164, 65, '2015-07-21/55ae5981f17c1.jpg', '2015-07-21/thumb_url_55ae5981f17c1.jpg', ''),
(166, 65, '2015-07-21/55ae5982008c3.jpg', '2015-07-21/thumb_url_55ae5982008c3.jpg', ''),
(165, 65, '2015-07-21/55ae5981f2c54.jpg', '2015-07-21/thumb_url_55ae5981f2c54.jpg', ''),
(18, 4, '2015-07-15/55a678c0d902b.jpg', '2015-07-15/thumb_url_55a678c0d902b.jpg', '韩版可爱卡通印花纯棉短袖t恤'),
(19, 5, '2015-07-15/55a67d1f0cc7a.jpg', '2015-07-15/thumb_url_55a67d1f0cc7a.jpg', '小美家 帅气个性破洞纯色T恤'),
(20, 5, '2015-07-15/55a67d1f0e3c9.jpg', '2015-07-15/thumb_url_55a67d1f0e3c9.jpg', '小美家 帅气个性破洞纯色T恤'),
(21, 5, '2015-07-15/55a67d1f0fc44.jpg', '2015-07-15/thumb_url_55a67d1f0fc44.jpg', '小美家 帅气个性破洞纯色T恤'),
(22, 5, '2015-07-15/55a67d1f11889.jpg', '2015-07-15/thumb_url_55a67d1f11889.jpg', '小美家 帅气个性破洞纯色T恤'),
(23, 5, '2015-07-15/55a67d1f130b8.jpg', '2015-07-15/thumb_url_55a67d1f130b8.jpg', '小美家 帅气个性破洞纯色T恤'),
(27, 8, '2015-07-15/55a680919c789.jpg', '2015-07-15/thumb_url_55a680919c789.jpg', '复古潮范韩流多用双肩背包'),
(25, 7, '2015-07-15/55a67e66d102d.jpg', '2015-07-15/thumb_url_55a67e66d102d.jpg', '艾米简约百搭款拖鞋'),
(26, 7, '2015-07-15/55a67e66d41d4.jpg', '2015-07-15/thumb_url_55a67e66d41d4.jpg', '艾米简约百搭款拖鞋'),
(28, 8, '2015-07-15/55a680919ecd3.jpg', '2015-07-15/thumb_url_55a680919ecd3.jpg', '复古潮范韩流多用双肩背包'),
(29, 8, '2015-07-15/55a68091a1892.jpg', '2015-07-15/thumb_url_55a68091a1892.jpg', '复古潮范韩流多用双肩背包'),
(30, 9, '2015-07-15/55a6819423f26.jpg', '2015-07-15/thumb_url_55a6819423f26.jpg', '圆环吊坠项链'),
(31, 9, '2015-07-15/55a6819425d09.jpg', '2015-07-15/thumb_url_55a6819425d09.jpg', '圆环吊坠项链'),
(32, 9, '2015-07-15/55a68194277be.jpg', '2015-07-15/thumb_url_55a68194277be.jpg', '圆环吊坠项链'),
(33, 10, '2015-07-16/55a685755bc91.jpg', '2015-07-16/thumb_url_55a685755bc91.jpg', '宽松V领防晒衫'),
(34, 10, '2015-07-16/55a685755e9f8.jpg', '2015-07-16/thumb_url_55a685755e9f8.jpg', '宽松V领防晒衫'),
(35, 10, '2015-07-16/55a685755fff1.jpg', '2015-07-16/thumb_url_55a685755fff1.jpg', '宽松V领防晒衫'),
(36, 10, '2015-07-16/55a6857561626.jpg', '2015-07-16/thumb_url_55a6857561626.jpg', '宽松V领防晒衫'),
(37, 11, '2015-07-16/55a688e48c47e.jpg', '2015-07-16/thumb_url_55a688e48c47e.jpg', '杂志款粗跟凉鞋'),
(38, 12, '2015-07-16/55a689b12111b.jpg', '2015-07-16/thumb_url_55a689b12111b.jpg', '夏日清新风C&amp;K'),
(39, 12, '2015-07-16/55a689b1223e4.jpg', '2015-07-16/thumb_url_55a689b1223e4.jpg', '夏日清新风C&amp;K'),
(40, 12, '2015-07-16/55a689b1235d4.jpg', '2015-07-16/thumb_url_55a689b1235d4.jpg', '夏日清新风C&amp;K'),
(41, 13, '2015-07-16/55a68adfac75a.jpg', '2015-07-16/thumb_url_55a68adfac75a.jpg', '蝴蝶结草帽遮阳帽'),
(42, 13, '2015-07-16/55a68adfadacf.jpg', '2015-07-16/thumb_url_55a68adfadacf.jpg', '蝴蝶结草帽遮阳帽'),
(43, 13, '2015-07-16/55a68adfaefaf.jpg', '2015-07-16/thumb_url_55a68adfaefaf.jpg', '蝴蝶结草帽遮阳帽'),
(44, 14, '2015-07-16/55a68d07e224a.jpg', '2015-07-16/thumb_url_55a68d07e224a.jpg', '牛仔裤女小脚铅'),
(45, 15, '2015-07-21/55ae2a81cbb34.jpg', '2015-07-21/thumb_url_55ae2a81cbb34.jpg', ''),
(46, 15, '2015-07-21/55ae2a81cd666.jpg', '2015-07-21/thumb_url_55ae2a81cd666.jpg', ''),
(52, 17, '2015-07-21/55ae2c5ceb31a.jpg', '2015-07-21/thumb_url_55ae2c5ceb31a.jpg', ''),
(51, 17, '2015-07-21/55ae2c5ce9f2e.jpg', '2015-07-21/thumb_url_55ae2c5ce9f2e.jpg', ''),
(50, 17, '2015-07-21/55ae2c5ce8afc.jpg', '2015-07-21/thumb_url_55ae2c5ce8afc.jpg', ''),
(53, 18, '2015-07-21/55ae2dbb969cd.jpg', '2015-07-21/thumb_url_55ae2dbb969cd.jpg', ''),
(54, 18, '2015-07-21/55ae2dbb98609.jpg', '2015-07-21/thumb_url_55ae2dbb98609.jpg', ''),
(55, 18, '2015-07-21/55ae2dbb99963.jpg', '2015-07-21/thumb_url_55ae2dbb99963.jpg', ''),
(56, 19, '2015-07-21/55ae2eaa48699.jpg', '2015-07-21/thumb_url_55ae2eaa48699.jpg', ''),
(57, 19, '2015-07-21/55ae2eaa49b54.jpg', '2015-07-21/thumb_url_55ae2eaa49b54.jpg', ''),
(58, 20, '2015-07-21/55ae2f86b9a1b.jpg', '2015-07-21/thumb_url_55ae2f86b9a1b.jpg', ''),
(59, 20, '2015-07-21/55ae2f86bac77.jpg', '2015-07-21/thumb_url_55ae2f86bac77.jpg', ''),
(60, 20, '2015-07-21/55ae2f86bbf4a.jpg', '2015-07-21/thumb_url_55ae2f86bbf4a.jpg', ''),
(61, 20, '2015-07-21/55ae2f86bcf7f.jpg', '2015-07-21/thumb_url_55ae2f86bcf7f.jpg', ''),
(62, 21, '2015-07-21/55ae3088b1ed6.jpg', '2015-07-21/thumb_url_55ae3088b1ed6.jpg', ''),
(63, 21, '2015-07-21/55ae3088b36cf.jpg', '2015-07-21/thumb_url_55ae3088b36cf.jpg', ''),
(64, 21, '2015-07-21/55ae3088b4e82.jpg', '2015-07-21/thumb_url_55ae3088b4e82.jpg', ''),
(65, 22, '2015-07-21/55ae316e7eead.jpg', '2015-07-21/thumb_url_55ae316e7eead.jpg', ''),
(66, 22, '2015-07-21/55ae316e805f5.jpg', '2015-07-21/thumb_url_55ae316e805f5.jpg', ''),
(67, 22, '2015-07-21/55ae316e81816.jpg', '2015-07-21/thumb_url_55ae316e81816.jpg', ''),
(68, 23, '2015-07-21/55ae325c89616.jpg', '2015-07-21/thumb_url_55ae325c89616.jpg', ''),
(69, 23, '2015-07-21/55ae325c8a88c.jpg', '2015-07-21/thumb_url_55ae325c8a88c.jpg', ''),
(70, 23, '2015-07-21/55ae325c8b89d.jpg', '2015-07-21/thumb_url_55ae325c8b89d.jpg', ''),
(71, 24, '2015-07-21/55ae33964b7eb.jpg', '2015-07-21/thumb_url_55ae33964b7eb.jpg', ''),
(72, 24, '2015-07-21/55ae33964cc96.jpg', '2015-07-21/thumb_url_55ae33964cc96.jpg', ''),
(73, 25, '2015-07-21/55ae3471bb0d3.jpg', '2015-07-21/thumb_url_55ae3471bb0d3.jpg', ''),
(74, 25, '2015-07-21/55ae3471bd1f8.jpg', '2015-07-21/thumb_url_55ae3471bd1f8.jpg', ''),
(75, 26, '2015-07-21/55ae352834979.jpg', '2015-07-21/thumb_url_55ae352834979.jpg', ''),
(76, 26, '2015-07-21/55ae3528368ba.jpg', '2015-07-21/thumb_url_55ae3528368ba.jpg', ''),
(77, 26, '2015-07-21/55ae35283841d.jpg', '2015-07-21/thumb_url_55ae35283841d.jpg', ''),
(78, 26, '2015-07-21/55ae35283a43d.jpg', '2015-07-21/thumb_url_55ae35283a43d.jpg', ''),
(79, 26, '2015-07-21/55ae35283bda0.jpg', '2015-07-21/thumb_url_55ae35283bda0.jpg', ''),
(80, 27, '2015-07-21/55ae3604e91af.jpg', '2015-07-21/thumb_url_55ae3604e91af.jpg', ''),
(81, 27, '2015-07-21/55ae3604ea658.jpg', '2015-07-21/thumb_url_55ae3604ea658.jpg', ''),
(82, 28, '2015-07-21/55ae36dad9b60.jpg', '2015-07-21/thumb_url_55ae36dad9b60.jpg', ''),
(83, 28, '2015-07-21/55ae36dadb34e.jpg', '2015-07-21/thumb_url_55ae36dadb34e.jpg', ''),
(84, 28, '2015-07-21/55ae36dadc891.jpg', '2015-07-21/thumb_url_55ae36dadc891.jpg', ''),
(85, 29, '2015-07-21/55ae379f96b34.jpg', '2015-07-21/thumb_url_55ae379f96b34.jpg', ''),
(86, 29, '2015-07-21/55ae379f984c6.jpg', '2015-07-21/thumb_url_55ae379f984c6.jpg', ''),
(87, 29, '2015-07-21/55ae379f99e70.jpg', '2015-07-21/thumb_url_55ae379f99e70.jpg', ''),
(88, 30, '2015-07-21/55ae388d76baf.jpg', '2015-07-21/thumb_url_55ae388d76baf.jpg', ''),
(89, 30, '2015-07-21/55ae388d78532.jpg', '2015-07-21/thumb_url_55ae388d78532.jpg', ''),
(90, 31, '2015-07-21/55ae397ef11ae.jpg', '2015-07-21/thumb_url_55ae397ef11ae.jpg', ''),
(91, 31, '2015-07-21/55ae397ef2c29.jpg', '2015-07-21/thumb_url_55ae397ef2c29.jpg', ''),
(92, 31, '2015-07-21/55ae397f00139.jpg', '2015-07-21/thumb_url_55ae397f00139.jpg', ''),
(93, 32, '2015-07-21/55ae3a77dd96d.jpg', '2015-07-21/thumb_url_55ae3a77dd96d.jpg', ''),
(94, 32, '2015-07-21/55ae3a77df6a4.jpg', '2015-07-21/thumb_url_55ae3a77df6a4.jpg', ''),
(95, 32, '2015-07-21/55ae3a77e0941.jpg', '2015-07-21/thumb_url_55ae3a77e0941.jpg', ''),
(96, 33, '2015-07-21/55ae3b7256d51.jpg', '2015-07-21/thumb_url_55ae3b7256d51.jpg', ''),
(97, 33, '2015-07-21/55ae3b72588ce.jpg', '2015-07-21/thumb_url_55ae3b72588ce.jpg', ''),
(98, 33, '2015-07-21/55ae3b7259af1.jpg', '2015-07-21/thumb_url_55ae3b7259af1.jpg', ''),
(99, 34, '2015-07-21/55ae3d6283c21.jpg', '2015-07-21/thumb_url_55ae3d6283c21.jpg', ''),
(100, 34, '2015-07-21/55ae3d628573e.jpg', '2015-07-21/thumb_url_55ae3d628573e.jpg', ''),
(101, 34, '2015-07-21/55ae3d6286fb8.jpg', '2015-07-21/thumb_url_55ae3d6286fb8.jpg', ''),
(102, 35, '2015-07-21/55ae3e1b957ad.jpg', '2015-07-21/thumb_url_55ae3e1b957ad.jpg', ''),
(103, 35, '2015-07-21/55ae3e1b97240.jpg', '2015-07-21/thumb_url_55ae3e1b97240.jpg', ''),
(104, 35, '2015-07-21/55ae3e1b9892c.jpg', '2015-07-21/thumb_url_55ae3e1b9892c.jpg', ''),
(105, 36, '2015-07-21/55ae3eba007d1.jpg', '2015-07-21/thumb_url_55ae3eba007d1.jpg', ''),
(106, 36, '2015-07-21/55ae3eba0ad97.jpg', '2015-07-21/thumb_url_55ae3eba0ad97.jpg', ''),
(107, 36, '2015-07-21/55ae3eba0cebd.jpg', '2015-07-21/thumb_url_55ae3eba0cebd.jpg', ''),
(108, 37, '2015-07-21/55ae3f6de0720.jpg', '2015-07-21/thumb_url_55ae3f6de0720.jpg', ''),
(109, 37, '2015-07-21/55ae3f6de1ee1.jpg', '2015-07-21/thumb_url_55ae3f6de1ee1.jpg', ''),
(110, 37, '2015-07-21/55ae3f6de3938.jpg', '2015-07-21/thumb_url_55ae3f6de3938.jpg', ''),
(111, 38, '2015-07-21/55ae403063762.jpg', '2015-07-21/thumb_url_55ae403063762.jpg', ''),
(112, 38, '2015-07-21/55ae403065411.jpg', '2015-07-21/thumb_url_55ae403065411.jpg', ''),
(113, 38, '2015-07-21/55ae403066aed.jpg', '2015-07-21/thumb_url_55ae403066aed.jpg', ''),
(114, 39, '2015-07-21/55ae41701d2d9.jpg', '2015-07-21/thumb_url_55ae41701d2d9.jpg', ''),
(115, 39, '2015-07-21/55ae41701e78a.jpg', '2015-07-21/thumb_url_55ae41701e78a.jpg', ''),
(116, 39, '2015-07-21/55ae4170200df.jpg', '2015-07-21/thumb_url_55ae4170200df.jpg', ''),
(117, 40, '2015-07-21/55ae43daace70.jpg', '2015-07-21/thumb_url_55ae43daace70.jpg', ''),
(118, 40, '2015-07-21/55ae43daae000.jpg', '2015-07-21/thumb_url_55ae43daae000.jpg', ''),
(119, 40, '2015-07-21/55ae43daaf20e.jpg', '2015-07-21/thumb_url_55ae43daaf20e.jpg', ''),
(120, 41, '2015-07-21/55ae447adeb8e.jpg', '2015-07-21/thumb_url_55ae447adeb8e.jpg', ''),
(121, 41, '2015-07-21/55ae447adfc27.jpg', '2015-07-21/thumb_url_55ae447adfc27.jpg', ''),
(122, 42, '2015-07-21/55ae45110c1c3.jpg', '2015-07-21/thumb_url_55ae45110c1c3.jpg', ''),
(123, 42, '2015-07-21/55ae45110d2f2.jpg', '2015-07-21/thumb_url_55ae45110d2f2.jpg', ''),
(124, 42, '2015-07-21/55ae45110e8e5.jpg', '2015-07-21/thumb_url_55ae45110e8e5.jpg', ''),
(125, 43, '2015-07-21/55ae45a482306.jpg', '2015-07-21/thumb_url_55ae45a482306.jpg', ''),
(126, 43, '2015-07-21/55ae45a4832c2.jpg', '2015-07-21/thumb_url_55ae45a4832c2.jpg', ''),
(127, 44, '2015-07-21/55ae4637c4a63.jpg', '2015-07-21/thumb_url_55ae4637c4a63.jpg', ''),
(128, 45, '2015-07-21/55ae472024176.jpg', '2015-07-21/thumb_url_55ae472024176.jpg', ''),
(129, 45, '2015-07-21/55ae4720254f0.jpg', '2015-07-21/thumb_url_55ae4720254f0.jpg', ''),
(130, 46, '2015-07-21/55ae47d34722b.jpg', '2015-07-21/thumb_url_55ae47d34722b.jpg', ''),
(131, 46, '2015-07-21/55ae47d348dcb.jpg', '2015-07-21/thumb_url_55ae47d348dcb.jpg', ''),
(132, 46, '2015-07-21/55ae47d34a692.jpg', '2015-07-21/thumb_url_55ae47d34a692.jpg', ''),
(134, 48, '2015-07-21/55ae49205fd12.jpg', '2015-07-21/thumb_url_55ae49205fd12.jpg', ''),
(135, 49, '2015-07-21/55ae4a0401eb3.jpg', '2015-07-21/thumb_url_55ae4a0401eb3.jpg', ''),
(136, 49, '2015-07-21/55ae4a040345d.jpg', '2015-07-21/thumb_url_55ae4a040345d.jpg', ''),
(137, 50, '2015-07-21/55ae4b7286cf2.jpg', '2015-07-21/thumb_url_55ae4b7286cf2.jpg', ''),
(141, 51, '2015-07-21/55ae4c9f4f463.jpg', '2015-07-21/thumb_url_55ae4c9f4f463.jpg', ''),
(139, 51, '2015-07-21/55ae4c2c23d5d.jpg', '2015-07-21/thumb_url_55ae4c2c23d5d.jpg', ''),
(140, 51, '2015-07-21/55ae4c2c257fc.jpg', '2015-07-21/thumb_url_55ae4c2c257fc.jpg', ''),
(142, 52, '2015-07-21/55ae4d48d0e1e.jpg', '2015-07-21/thumb_url_55ae4d48d0e1e.jpg', ''),
(143, 52, '2015-07-21/55ae4d48d3edb.jpg', '2015-07-21/thumb_url_55ae4d48d3edb.jpg', ''),
(144, 53, '2015-07-21/55ae4e2b7b616.jpg', '2015-07-21/thumb_url_55ae4e2b7b616.jpg', ''),
(145, 53, '2015-07-21/55ae4e2b7daa9.jpg', '2015-07-21/thumb_url_55ae4e2b7daa9.jpg', ''),
(146, 53, '2015-07-21/55ae4e2b7f02b.jpg', '2015-07-21/thumb_url_55ae4e2b7f02b.jpg', ''),
(147, 54, '2015-07-21/55ae4ed1cdbf3.jpg', '2015-07-21/thumb_url_55ae4ed1cdbf3.jpg', ''),
(148, 54, '2015-07-21/55ae4ed1cf307.jpg', '2015-07-21/thumb_url_55ae4ed1cf307.jpg', ''),
(149, 55, '2015-07-21/55ae4fced7bc3.jpg', '2015-07-21/thumb_url_55ae4fced7bc3.jpg', ''),
(150, 55, '2015-07-21/55ae4fceda26b.jpg', '2015-07-21/thumb_url_55ae4fceda26b.jpg', ''),
(151, 55, '2015-07-21/55ae4fcedc21f.jpg', '2015-07-21/thumb_url_55ae4fcedc21f.jpg', ''),
(152, 56, '2015-07-21/55ae507a87deb.jpg', '2015-07-21/thumb_url_55ae507a87deb.jpg', ''),
(153, 57, '2015-07-21/55ae51ec632e8.jpg', '2015-07-21/thumb_url_55ae51ec632e8.jpg', ''),
(154, 58, '2015-07-21/55ae52e01bbc9.jpg', '2015-07-21/thumb_url_55ae52e01bbc9.jpg', ''),
(155, 59, '2015-07-21/55ae539ce39b3.jpg', '2015-07-21/thumb_url_55ae539ce39b3.jpg', ''),
(156, 60, '2015-07-21/55ae544c8c084.jpg', '2015-07-21/thumb_url_55ae544c8c084.jpg', ''),
(157, 61, '2015-07-21/55ae54d8975b1.jpg', '2015-07-21/thumb_url_55ae54d8975b1.jpg', ''),
(158, 62, '2015-07-21/55ae55bb276ca.jpg', '2015-07-21/thumb_url_55ae55bb276ca.jpg', ''),
(159, 62, '2015-07-21/55ae55bb28e3d.jpg', '2015-07-21/thumb_url_55ae55bb28e3d.jpg', ''),
(160, 62, '2015-07-21/55ae55bb2aee7.jpg', '2015-07-21/thumb_url_55ae55bb2aee7.jpg', ''),
(161, 63, '2015-07-21/55ae56749a3e7.jpg', '2015-07-21/thumb_url_55ae56749a3e7.jpg', ''),
(162, 63, '2015-07-21/55ae56749b703.jpg', '2015-07-21/thumb_url_55ae56749b703.jpg', ''),
(163, 64, '2015-07-21/55ae575add6f8.jpg', '2015-07-21/thumb_url_55ae575add6f8.jpg', '');

-- --------------------------------------------------------

--
-- 表的结构 `if43_member`
--

CREATE TABLE IF NOT EXISTS `if43_member` (
  `id` int(10) NOT NULL AUTO_INCREMENT,
  `username` varchar(20) NOT NULL DEFAULT '0',
  `password` varchar(32) NOT NULL DEFAULT '0',
  `phone` varchar(100) NOT NULL,
  `email` varchar(50) NOT NULL DEFAULT '',
  `person_img` varchar(100) NOT NULL DEFAULT '' COMMENT '个人形象照',
  `img180x180` varchar(100) NOT NULL DEFAULT '' COMMENT '个人形象照缩略',
  `sex` tinyint(1) NOT NULL DEFAULT '0' COMMENT '1男，0女',
  `intro` varchar(500) NOT NULL DEFAULT '' COMMENT '自我介绍',
  `birthday` date DEFAULT NULL,
  `province` varchar(20) NOT NULL DEFAULT '' COMMENT '省',
  `city` varchar(20) NOT NULL DEFAULT '' COMMENT '市',
  `score` int(10) unsigned NOT NULL DEFAULT '0',
  `score_level` int(10) unsigned NOT NULL DEFAULT '0',
  `cover` varchar(255) NOT NULL DEFAULT '' COMMENT '头像',
  `reg_ip` varchar(15) NOT NULL DEFAULT '',
  `reg_time` int(10) unsigned NOT NULL DEFAULT '0',
  `last_time` int(10) unsigned NOT NULL DEFAULT '0',
  `last_ip` varchar(15) DEFAULT '0',
  `disabled` tinyint(1) NOT NULL DEFAULT '0',
  `shares` int(10) unsigned DEFAULT '0' COMMENT '分享',
  `likes` varchar(255) DEFAULT NULL COMMENT '喜欢',
  `follows` int(10) unsigned DEFAULT '0' COMMENT '关注',
  `fans` int(10) unsigned DEFAULT '0' COMMENT '粉丝',
  `albums` int(10) unsigned DEFAULT '0' COMMENT '专辑',
  `pic` varchar(200) DEFAULT NULL,
  `is_display` tinyint(1) unsigned NOT NULL DEFAULT '1' COMMENT '是否显示',
  PRIMARY KEY (`id`)
) ENGINE=MyISAM  DEFAULT CHARSET=utf8 AUTO_INCREMENT=16 ;

--
-- 转存表中的数据 `if43_member`
--

INSERT INTO `if43_member` (`id`, `username`, `password`, `phone`, `email`, `person_img`, `img180x180`, `sex`, `intro`, `birthday`, `province`, `city`, `score`, `score_level`, `cover`, `reg_ip`, `reg_time`, `last_time`, `last_ip`, `disabled`, `shares`, `likes`, `follows`, `fans`, `albums`, `pic`, `is_display`) VALUES
(4, 'NEXT', '5e6cfde6d3760c95b5efb57c34207596', '18201458982', 'NEXTINNOVATION@yahoo.com', '2015-07-25/55b2f008b3ebf.jpg', '2015-07-25/img180x180_55b2f008b3ebf.jpg', 0, '', NULL, '', '', 0, 0, '', '', 0, 0, '0', 0, 0, NULL, 0, 0, 0, NULL, 1),
(2, 'YOYO', '5e6cfde6d3760c95b5efb57c34207596', '13845678911', 'YOYO@163.com', '2015-07-24/55b25c282b6de.jpg', '2015-07-24/img180x180_55b25c282b6de.jpg', 0, '', NULL, '', '', 0, 0, '', '', 0, 0, '0', 0, 0, NULL, 0, 0, 0, NULL, 1),
(3, 'Kiray', '5e6cfde6d3760c95b5efb57c34207596', '13832343243', 'Kiray@163.com', '2015-07-24/55b25ed8ec3ae.jpg', '2015-07-24/img180x180_55b25ed8ec3ae.jpg', 0, '', NULL, '', '', 0, 0, '', '', 0, 0, '0', 0, 0, NULL, 0, 0, 0, NULL, 1),
(6, 'Purple', '5e6cfde6d3760c95b5efb57c34207596', '13645654785', 'Purple@163.com', '2015-07-25/55b2f3304a10a.jpg', '2015-07-25/img180x180_55b2f3304a10a.jpg', 0, '', NULL, '', '', 0, 0, '', '', 0, 0, '0', 0, 0, NULL, 0, 0, 0, NULL, 1),
(0, '匿名', '93cf2cdc6e13a809b7d25f539e4d621c', '18201458982', '', 'avatar-50.png', 'avatar-50.png', 0, '', NULL, '', '', 0, 0, '', '', 0, 0, '0', 0, 0, NULL, 0, 0, 0, NULL, 1),
(8, 'Angela', 'c54e140a2dd945e845759e651c934738', '13845678321', 'Angela@sohu.com', '2015-07-27/55b50a46c6b38.jpg', '2015-07-27/img180x180_55b50a46c6b38.jpg', 0, '', NULL, '', '', 0, 0, '', '', 0, 0, '0', 0, 0, NULL, 0, 0, 0, NULL, 1),
(9, 'Kiyoka', '0048d8449996c9597db04e9986ad26ea', '13845673214', 'Kiyoka@goole.com', '2015-07-27/55b50b0777068.jpg', '2015-07-27/img180x180_55b50b0777068.jpg', 0, '', NULL, '', '', 0, 0, '', '', 0, 0, '0', 0, 0, NULL, 0, 0, 0, NULL, 1),
(10, 'WoHoo', '5e6cfde6d3760c95b5efb57c34207596', '13645451211', 'WoHoo@Yahoo.com', '2015-07-27/55b50bc442298.jpg', '2015-07-27/img180x180_55b50bc442298.jpg', 0, '', NULL, '', '', 0, 0, '', '', 0, 0, '0', 0, 0, NULL, 0, 0, 0, NULL, 1),
(11, 'BabyHoo', '2f8bd6903a56a8ef8540c02a4b4f3212', '13845438911', 'BabyHoo@163.com', '2015-07-27/55b50c67221a8.jpg', '2015-07-27/img180x180_55b50c67221a8.jpg', 1, '', NULL, '', '', 0, 0, '', '', 0, 0, '0', 0, 0, NULL, 0, 0, 0, NULL, 1),
(12, 'YOUYU', '17397b0a2ba209390b59c8147a060da6', '13845368911', 'YOUYU@163.com', '2015-07-27/55b64b0692865.jpg', '2015-07-27/img180x180_55b64b0692865.jpg', 1, '', NULL, '', '', 0, 0, '', '', 0, 0, '0', 0, 0, NULL, 0, 0, 0, NULL, 1);

-- --------------------------------------------------------

--
-- 表的结构 `if43_pro`
--

CREATE TABLE IF NOT EXISTS `if43_pro` (
  `pro_id` int(10) unsigned NOT NULL AUTO_INCREMENT COMMENT '商品ID',
  `pro_name` varchar(100) NOT NULL DEFAULT '' COMMENT '商品名称',
  `pro_title` varchar(200) NOT NULL DEFAULT '' COMMENT '精品标题',
  `pro_desc` varchar(255) NOT NULL DEFAULT '' COMMENT '商品简单描述',
  `pro_content` text COMMENT '精品内容',
  `buy_url` varchar(255) NOT NULL DEFAULT '' COMMENT '去购买',
  `cat_id` smallint(10) unsigned NOT NULL DEFAULT '0' COMMENT '商品所属类别ID',
  `pro_price` decimal(10,2) NOT NULL DEFAULT '0.00' COMMENT '市场价',
  `price_trend` smallint(10) NOT NULL DEFAULT '80' COMMENT '价格趋势',
  `pro_img` varchar(100) NOT NULL DEFAULT '' COMMENT '商品图片',
  `img250x250` varchar(100) NOT NULL DEFAULT '' COMMENT '缩略图250*250',
  `img120x120` varchar(100) NOT NULL DEFAULT '' COMMENT 'img120x120',
  `img45x45` varchar(100) NOT NULL DEFAULT '' COMMENT 'img45x45',
  `img220x284` varchar(100) NOT NULL DEFAULT '' COMMENT 'img220x284',
  `img_new` varchar(100) NOT NULL DEFAULT '' COMMENT '今日上新|193*426(衣服) | 230*240(其它)',
  `type_id` smallint(5) unsigned NOT NULL DEFAULT '0' COMMENT '商品类型ID',
  `is_examine` tinyint(3) unsigned NOT NULL DEFAULT '0' COMMENT '是否审核，默认为0不促销',
  `is_best` tinyint(3) unsigned NOT NULL DEFAULT '0' COMMENT '是否精品,默认为0',
  `is_new` tinyint(3) unsigned NOT NULL DEFAULT '0' COMMENT '是否新品，默认为0',
  `is_hot` tinyint(3) unsigned NOT NULL DEFAULT '0' COMMENT '是否热卖,默认为0',
  `is_onsale` tinyint(3) unsigned NOT NULL DEFAULT '0' COMMENT '是否上架',
  `pro_order` smallint(5) NOT NULL DEFAULT '120' COMMENT '排序',
  `add_time` int(10) unsigned NOT NULL DEFAULT '0' COMMENT '添加时间',
  PRIMARY KEY (`pro_id`),
  KEY `cat_id` (`cat_id`),
  KEY `type_id` (`type_id`),
  KEY `pro_order` (`pro_order`)
) ENGINE=MyISAM  DEFAULT CHARSET=utf8 AUTO_INCREMENT=67 ;

--
-- 转存表中的数据 `if43_pro`
--

INSERT INTO `if43_pro` (`pro_id`, `pro_name`, `pro_title`, `pro_desc`, `pro_content`, `buy_url`, `cat_id`, `pro_price`, `price_trend`, `pro_img`, `img250x250`, `img120x120`, `img45x45`, `img220x284`, `img_new`, `type_id`, `is_examine`, `is_best`, `is_new`, `is_hot`, `is_onsale`, `pro_order`, `add_time`) VALUES
(4, '韩版可爱印花t恤', '韩版可爱卡通印花纯棉短袖t恤', '面料超级赞的有木有！童年的回忆有木有！超级赞的一款短袖T恤哦，面料超级好的，亲肤性十足，可爱的卡通图案，推荐哦~~~', NULL, 'http://shop.mogujie.com/detail/17pszci?traceid=book_2e1t7rxjbq4g&amp;ptp=1.PaAwBfnx._items.1.GDzrQw', 8, '35.00', 89, '2015-07-15/55a678c033013.jpg', '2015-07-15/img250x250_55a678c033013.jpg', '2015-07-15/img120x120_55a678c033013.jpg', '2015-07-15/img45x45_55a678c033013.jpg', '2015-07-15/img220x284_55a678c033013.jpg', '2015-07-15/img_new_55a678c0b0b75.jpg', 1, 1, 1, 1, 1, 1, 120, 1437296258),
(65, '草编渔夫乐福单鞋', '【Angle】欧洲站亮片草编渔夫乐福单鞋', 'Angle家最高品质销售，我家的渔夫鞋也是舒适的代名词，工艺成熟，上脚无比舒适。这个款在国外也是非常的潮，很多明星也在穿的哦！！姑凉们，不要犹豫了哦，赶紧收了它吧！！', NULL, 'http://shop.mogujie.com/detail/17t0h4w?traceid=search_2en5ei5e445c&amp;ptp=1.BhVuTAyC._items.35.0n3lNx', 67, '69.30', 76, '2015-07-21/55ae5981a4f0c.jpg', '2015-07-21/img250x250_55ae5981a4f0c.jpg', '2015-07-21/img120x120_55ae5981a4f0c.jpg', '2015-07-21/img45x45_55ae5981a4f0c.jpg', '2015-07-21/img220x284_55ae5981a4f0c.jpg', '2015-07-21/img_new_55ae5981da7be.jpg', 2, 1, 1, 1, 1, 1, 120, 1437489537),
(5, '个性破洞纯色T恤', '小美家 帅气个性破洞纯色T恤', '破洞控必备的一款！绝对的超值！领子上是的缺口的 非常有个性，精选的柔软棉质面料，上身超舒服，完全爱上它了，不是其它仿款面料可以比拟的哦。这个价格买到真的很超值的，超强推荐！！！', NULL, 'http://shop.mogujie.com/detail/17nxaku?traceid=book_2e1t7rxjbq4g&amp;cparam=&amp;ptp=1.PaAwBfnx._items.5.GDzrQw', 8, '49.00', 76, '2015-07-15/55a67d1e7b797.jpg', '2015-07-15/img250x250_55a67d1e7b797.jpg', '2015-07-15/img120x120_55a67d1e7b797.jpg', '2015-07-15/img45x45_55a67d1e7b797.jpg', '2015-07-15/img220x284_55a67d1e7b797.jpg', '2015-07-15/img_new_55a67d1ee09a4.jpg', 1, 1, 1, 1, 1, 1, 120, 1436974366),
(8, '复古潮范韩流多用双肩背包', '复古潮范韩流多用双肩背包', '多用韩流新风尚，可以单肩，手提，双肩背，怎么背都有型。超拉风的款型，转锁的修饰。你就是街头视线中的焦点！实用包包不容错过哦！！！！', NULL, 'http://shop.mogujie.com/detail/16op4em?traceid=book_2e1wdjrvwv0g&amp;ptp=1.w5ETMAai._items.5.CQyy0e', 89, '58.00', 86, '2015-07-15/55a6809101db6.jpg', '2015-07-15/img250x250_55a6809101db6.jpg', '2015-07-15/img120x120_55a6809101db6.jpg', '2015-07-15/img45x45_55a6809101db6.jpg', '2015-07-15/img220x284_55a6809101db6.jpg', '2015-07-15/img_new_55a6809175e3d.jpg', 3, 1, 1, 1, 1, 1, 120, 1436975298),
(7, '艾米简约百搭款拖鞋', '艾米简约百搭款拖鞋', '简约款拖鞋 可以自己DIY 喜欢的姑凉们来入手', NULL, 'http://shop.mogujie.com/detail/16rfa2y?traceid=book_2e1vxbfluwao&amp;cparam=&amp;ptp=1.1VIqBE4N._items.3.MNYdEP', 50, '39.00', 89, '2015-07-15/55a67e664cfa7.jpg', '2015-07-15/img250x250_55a67e664cfa7.jpg', '2015-07-15/img120x120_55a67e664cfa7.jpg', '2015-07-15/img45x45_55a67e664cfa7.jpg', '2015-07-15/img220x284_55a67e664cfa7.jpg', '2015-07-15/img_new_55a67e66ae908.jpg', 2, 1, 1, 1, 1, 1, 120, 1437296392),
(9, '圆环吊坠项链', '【爱围皇后】圆环吊坠项链', '个性圆环吊坠项链，很朋克，还有同款的耳钉哦，项链全部镀超厚18K真金玫瑰金，不易褪色。', NULL, 'http://shop.mogujie.com/detail/17p4864?traceid=book_2e1x447wkni8&amp;ptp=1.1tgcdxBx._items.1.Tzuq31', 131, '46.20', 89, '2015-07-15/55a68193a2a46.jpg', '2015-07-15/img250x250_55a68193a2a46.jpg', '2015-07-15/img120x120_55a68193a2a46.jpg', '2015-07-15/img45x45_55a68193a2a46.jpg', '2015-07-15/img220x284_55a68193a2a46.jpg', '2015-07-15/img_new_55a681940b8e5.jpg', 4, 1, 1, 1, 1, 1, 120, 1436975507),
(10, '宽松V领防晒衫', '宽松V领防晒衫+性感鱼尾裙子套装', '兔子说：性感气质的深V领，第一眼就彻底爱上了！雪纺面料拼接镂空蕾丝，成本高，对缝裁剪，非常耗料 干净利落的裁剪拼接 服帖有型 好看到爆~镂空刺绣绣花面料拼接，手感不错 镂空的透气舒适度可想而知 最热的夏天穿也完全可以的！！', NULL, 'http://shop.mogujie.com/detail/17ogoxo?traceid=book_2e1ykuzw0zk0&amp;cparam=&amp;ptp=1.PaAwBfnx._items.3.gh4mNm', 9, '883.30', 89, '2015-07-16/55a68574d45d8.jpg', '2015-07-16/img250x250_55a68574d45d8.jpg', '2015-07-16/img120x120_55a68574d45d8.jpg', '2015-07-16/img45x45_55a68574d45d8.jpg', '2015-07-16/img220x284_55a68574d45d8.jpg', '2015-07-16/img_new_55a685754425b.jpg', 5, 1, 1, 1, 1, 1, 125, 1437233231),
(11, '杂志款粗跟凉鞋', '时尚杂志款粗跟凉鞋', '', NULL, 'http://www.meilishuo.com/share/item/3621010473?ad_tag=1_10258_0_0-0&amp;d_r=6__1-1-1-8&amp;pstrc=fe_pos%3Awlc_words_2_0', 52, '69.00', 89, '2015-07-16/55a688e44db64.jpg', '2015-07-16/img250x250_55a688e44db64.jpg', '2015-07-16/img120x120_55a688e44db64.jpg', '2015-07-16/img45x45_55a688e44db64.jpg', '2015-07-16/img220x284_55a688e44db64.jpg', '2015-07-20/img_new_55ad0fea16bf0.jpg', 5, 1, 1, 1, 1, 1, 120, 1437405162),
(12, '夏日清新风C&amp;K', '夏日清新风C&amp;K', '', NULL, 'http://www.meilishuo.com/share/item/3711239637?ad_tag=0_0_0_0-0&amp;d_r=6__0-1-1-12&amp;pstrc=fe_pos%3Awlc_words_2_0', 95, '100.00', 89, '2015-07-16/55a689b0ceadd.jpg', '2015-07-16/img250x250_55a689b0ceadd.jpg', '2015-07-16/img120x120_55a689b0ceadd.jpg', '2015-07-16/img45x45_55a689b0ceadd.jpg', '2015-07-16/img220x284_55a689b0ceadd.jpg', '2015-07-16/img_new_55a689b10f74e.jpg', 5, 1, 1, 1, 1, 1, 120, 1436977584),
(13, '蝴蝶结草帽遮阳帽', '韩国爆款蝴蝶结草帽遮阳帽', '韩国东大门可折叠棉麻蝴蝶结草帽遮阳帽女夏季韩版爆款太阳帽', NULL, 'http://www.meilishuo.com/share/item/3632957833?ad_tag=1_10037_0_0-0&amp;d_r=6__1-1-1-6&amp;pstrc=fe_pos%3Awlc_words_2_0', 160, '46.00', 89, '2015-07-16/55a68adf5e934.jpg', '2015-07-16/img250x250_55a68adf5e934.jpg', '2015-07-16/img120x120_55a68adf5e934.jpg', '2015-07-16/img45x45_55a68adf5e934.jpg', '2015-07-16/img220x284_55a68adf5e934.jpg', '2015-07-16/img_new_55a68adf9aa92.jpg', 5, 1, 1, 1, 1, 1, 120, 1436977887),
(14, '牛仔裤女小脚铅', '春秋款高腰不规则撕破破洞显瘦牛仔裤女小脚铅笔裤深蓝', '荆林悦 2015春秋款高腰不规则撕破破洞显瘦牛仔裤女小脚铅笔裤深蓝28', NULL, 'http://item.yhd.com/item/44680469?tc=3.1.5.44680469.20&amp;tp=52.19553.108.20.1.KuI%604R9-10-6pbqs', 22, '280.00', 89, '2015-07-16/55a68d07b7517.jpg', '2015-07-16/img250x250_55a68d07b7517.jpg', '2015-07-16/img120x120_55a68d07b7517.jpg', '2015-07-16/img45x45_55a68d07b7517.jpg', '2015-07-16/img220x284_55a68d07b7517.jpg', '', 5, 1, 0, 0, 0, 1, 100, 1437235080),
(15, '条纹雪纺衬衫', '清新微透条纹雪纺衬衫', '', NULL, 'http://www.meilishuo.com/share/item/3687965697?ad_tag=0_0_0_0-0&amp;d_r=6__0-1-1-2&amp;pstrc=fe_pos%3Awlc_navwords_0_7', 11, '48.00', 76, '2015-07-21/55ae2a8172116.jpg', '2015-07-21/img250x250_55ae2a8172116.jpg', '2015-07-21/img120x120_55ae2a8172116.jpg', '2015-07-21/img45x45_55ae2a8172116.jpg', '2015-07-21/img220x284_55ae2a8172116.jpg', '2015-07-21/img_new_55ae2a81b1de4.jpg', 1, 1, 1, 1, 1, 1, 120, 1437477505),
(17, '大格子雪纺中长款防晒衫', '中长款防晒衫', '', NULL, 'http://www.meilishuo.com/share/item/3681564429?ad_tag=0_0_0_0-0&amp;d_r=6__0-1-1-1&amp;pstrc=fe_pos%3Awlc_navwords_0_7', 14, '55.00', 89, '2015-07-21/55ae2c5c9899c.jpg', '2015-07-21/img250x250_55ae2c5c9899c.jpg', '2015-07-21/img120x120_55ae2c5c9899c.jpg', '2015-07-21/img45x45_55ae2c5c9899c.jpg', '2015-07-21/img220x284_55ae2c5c9899c.jpg', '2015-07-21/img_new_55ae2c5cd49dc.jpg', 1, 1, 1, 1, 1, 1, 120, 1437477980),
(18, '雪纺短袖衬衫', '韩国立领百搭雪纺短袖衬衫', '2015夏装韩国新款桃心领前短后长宽松纯色雪纺衫', '', 'http://www.meilishuo.com/share/item/3666135073?ad_tag=1_10008_2_0-0&amp;d_r=6_841_1-1-1-3&amp;pstrc=fe_pos%3Awlc_navwords_0_3', 13, '49.00', 88, '2015-07-21/55ae2dbb4c0a3.jpg', '2015-07-21/img250x250_55ae2dbb4c0a3.jpg', '2015-07-21/img120x120_55ae2dbb4c0a3.jpg', '2015-07-21/img45x45_55ae2dbb4c0a3.jpg', '2015-07-21/img220x284_55ae2dbb4c0a3.jpg', '2015-07-21/img_new_55ae2dbb7ee48.jpg', 1, 1, 1, 1, 1, 1, 120, 1437478331),
(19, '雪纺小西装', '薄款雪纺小西装外套', '2015夏季韩范休闲薄款小西装雪纺披肩外套', NULL, 'http://www.meilishuo.com/share/item/3629245599?ad_tag=0_0_0_0-0&amp;d_r=6_847_0-1-1-1&amp;pstrc=fe_pos%3Awlc_navwords_0_2', 12, '99.00', 76, '2015-07-21/55ae2ea9eb379.jpg', '2015-07-21/img250x250_55ae2ea9eb379.jpg', '2015-07-21/img120x120_55ae2ea9eb379.jpg', '2015-07-21/img45x45_55ae2ea9eb379.jpg', '2015-07-21/img220x284_55ae2ea9eb379.jpg', '2015-07-21/img_new_55ae2eaa2a202.jpg', 1, 1, 1, 1, 1, 1, 120, 1437478569),
(20, '吊带背心', '新款糖果色雪纺吊带背心', '', NULL, 'http://www.meilishuo.com/share/item/3680004477?ad_tag=0_0_0_0-0&amp;d_r=6_841_0-1-1-10', 10, '36.96', 89, '2015-07-21/55ae2f866a4d0.jpg', '2015-07-21/img250x250_55ae2f866a4d0.jpg', '2015-07-21/img120x120_55ae2f866a4d0.jpg', '2015-07-21/img45x45_55ae2f866a4d0.jpg', '2015-07-21/img220x284_55ae2f866a4d0.jpg', '2015-07-21/img_new_55ae2f86a7fae.jpg', 1, 1, 1, 1, 1, 1, 120, 1437478790),
(21, '长款字母T恤', '韩版宽松短袖长款字母T恤', '【免费试穿 限时抢购 2套起返3元！】可当T恤、连衣裙、睡衣', NULL, 'http://www.meilishuo.com/share/item/3454720717?ad_tag=0_0_0_0-0&amp;d_r=6_841_0-1-1-13', 15, '19.00', 76, '2015-07-21/55ae3088673cb.jpg', '2015-07-21/img250x250_55ae3088673cb.jpg', '2015-07-21/img120x120_55ae3088673cb.jpg', '2015-07-21/img45x45_55ae3088673cb.jpg', '2015-07-21/img220x284_55ae3088673cb.jpg', '2015-07-21/img_new_55ae3088a086a.jpg', 1, 1, 1, 1, 1, 1, 120, 1437479085),
(22, '男女情侣体恤', '2015夏装男女情侣体恤', '2015夏装新款男女情侣装韩版时尚休闲修身波点印花情侣短袖T', '', 'http://www.meilishuo.com/share/item/3528867315?ad_tag=1_10055_8_1-110&amp;d_r=6_841_1-1-1-1', 16, '55.80', 88, '2015-07-21/55ae316e24347.jpg', '2015-07-21/img250x250_55ae316e24347.jpg', '2015-07-21/img120x120_55ae316e24347.jpg', '2015-07-21/img45x45_55ae316e24347.jpg', '2015-07-21/img220x284_55ae316e24347.jpg', '2015-07-21/img_new_55ae316e6c00d.jpg', 1, 1, 1, 1, 1, 1, 120, 1437479278),
(23, '雪纺衬衫T恤', '韩国街头风雪纺衬衫T恤', '夏新款韩国街头风小清新纯色雪纺衬衫T恤', NULL, 'http://www.meilishuo.com/share/item/3594818257?ad_tag=&amp;pageclick=c1f0857&amp;dp=9758e5eb4hfca09719z0dd15e&amp;fp=1547&amp;frmpage=4_0&amp;kd=242522&amp;rk=1&amp;isp=1&amp;ptag=4.19&amp;d_r=1.1.0.1-abtest_0&amp;ab=1600200000&amp;is_real=1&amp;plan=1', 17, '62.00', 89, '2015-07-21/55ae325c42183.jpg', '2015-07-21/img250x250_55ae325c42183.jpg', '2015-07-21/img120x120_55ae325c42183.jpg', '2015-07-21/img45x45_55ae325c42183.jpg', '2015-07-21/img220x284_55ae325c42183.jpg', '2015-07-21/img_new_55ae325c76aeb.jpg', 1, 1, 1, 1, 1, 1, 120, 1437479516),
(24, '雪纺娃娃衫', '优雅气质V领木耳边雪纺娃娃衫', '兔子说：夏天美食的诱惑太多，想要维持住小蛮腰谈何容易！但是只要有了雪纺衫和半身裙的显瘦搭配，变身小腰精也不是难事！轻熟的装扮绝对不能错过，不管是参加庄重的约会还是出席任何较为正式的场合，轻熟的雪纺衫都会使你看起来更庄重更高雅，为你添分不少！', '', 'http://shop.mogujie.com/detail/17ol83u?traceid=book_2emqynfi7qio&amp;ptp=1.PaAwBfnx._items.47.GAlvZs', 18, '56.00', 76, '2015-07-21/55ae3395dcea2.jpg', '2015-07-21/img250x250_55ae3395dcea2.jpg', '2015-07-21/img120x120_55ae3395dcea2.jpg', '2015-07-21/img45x45_55ae3395dcea2.jpg', '2015-07-21/img220x284_55ae3395dcea2.jpg', '2015-07-21/img_new_55ae339634b8e.jpg', 1, 1, 1, 1, 1, 1, 120, 1437479829),
(25, '镂空蕾丝衫', '【星星时代】韩国气质镂空蕾丝衫', '精美绝伦的提花结合密织的纱线提升了甜美度和舒适性，清新优雅的版型，上身效果超有感的~自留款，推荐!', NULL, 'http://shop.mogujie.com/detail/17s2obo?traceid=book_2emr9g7g4etc&amp;ptp=1.PaAwBfnx._items.1.VZTktX', 19, '42.00', 66, '2015-07-21/55ae347121603.jpg', '2015-07-21/img250x250_55ae347121603.jpg', '2015-07-21/img120x120_55ae347121603.jpg', '2015-07-21/img45x45_55ae347121603.jpg', '2015-07-21/img220x284_55ae347121603.jpg', '2015-07-21/img_new_55ae34719a535.jpg', 1, 1, 1, 1, 1, 1, 120, 1437480049),
(26, '印花宽松长款T恤', '唐老鸭卡通字母印花宽松长款T恤', '兔子说：宽松显瘦的款式凸显出女孩子的纤弱细小，运动风的上身效果给人一种健康率真的感觉，百搭的经典体恤款式，无论单穿还是打底都很和谐，不同气质有不同的上身效果，实在是春夏必备款~~', NULL, 'http://shop.mogujie.com/detail/17n6pa8?traceid=book_2emrlh7ifq4g&amp;ptp=1.PaAwBfnx._items.33.sqUxnV', 20, '49.00', 77, '2015-07-21/55ae3527b3da2.jpg', '2015-07-21/img250x250_55ae3527b3da2.jpg', '2015-07-21/img120x120_55ae3527b3da2.jpg', '2015-07-21/img45x45_55ae3527b3da2.jpg', '2015-07-21/img220x284_55ae3527b3da2.jpg', '2015-07-21/img_new_55ae586c6d68b.jpg', 1, 1, 1, 1, 1, 1, 120, 1437489260),
(27, '碎花印花连衣裙', '韩衣韩波西米亚碎花印花连衣裙', '高端印花雪纺 朦胧的花纹带来异域色彩 非常女人 飘逸感非常好 出游必备 海边沙滩，度假游玩，蜜月旅行，造就完美假期 休闲随意中带点小清新 黑色白色2个色都是非常好搭的 喜欢的赶紧入手噢！！！', NULL, 'http://shop.mogujie.com/detail/17pn2uq?traceid=book_2emrxe3vsk5c&amp;ptp=1.PaAwBfnx._items.7.ELZifi', 42, '39.20', 76, '2015-07-21/55ae360480fc1.jpg', '2015-07-21/img250x250_55ae360480fc1.jpg', '2015-07-21/img120x120_55ae360480fc1.jpg', '2015-07-21/img45x45_55ae360480fc1.jpg', '2015-07-21/img220x284_55ae360480fc1.jpg', '2015-07-21/img_new_55ae3604d0e6e.jpg', 1, 1, 1, 1, 1, 1, 120, 1437480452),
(28, '条纹连衣裙', '韩版专柜款欧根纱条纹连衣裙', '经常逛专柜的菇凉这款肯定眼熟的哦，连专柜的抢手一款连衣裙，欧根纱的质地，条纹拼接了今年最流行的民族风元素，高雅淑女范哦。', NULL, 'http://shop.mogujie.com/detail/17rgnmg?traceid=book_2ems6shvdog0&amp;cparam=&amp;ptp=1.PaAwBfnx._items.21.cQMrNp', 39, '86.00', 74, '2015-07-21/55ae36da5970b.jpg', '2015-07-21/img250x250_55ae36da5970b.jpg', '2015-07-21/img120x120_55ae36da5970b.jpg', '2015-07-21/img45x45_55ae36da5970b.jpg', '2015-07-21/img220x284_55ae36da5970b.jpg', '2015-07-21/img_new_55ae36dab7d92.jpg', 1, 1, 1, 1, 1, 1, 120, 1437480666),
(29, '波浪条纹针织连衣裙', '配长款吊带）波浪条纹针织连衣裙', '外面薄薄的镂空加一个小背心，上身真的超级好看啦，我不会写文案，都不知道怎么描述我对它的喜欢，乖乖女，又气质…纹路特别特别的喜欢，因为显得特别有质感。', NULL, 'http://shop.mogujie.com/detail/17qzhf2?traceid=book_2emsh66oe4u8&amp;ptp=1.PaAwBfnx._items.33.8GT39j', 46, '88.20', 86, '2015-07-21/55ae379f0464c.jpg', '2015-07-21/img250x250_55ae379f0464c.jpg', '2015-07-21/img120x120_55ae379f0464c.jpg', '2015-07-21/img45x45_55ae379f0464c.jpg', '2015-07-21/img220x284_55ae379f0464c.jpg', '2015-07-21/img_new_55ae379f77051.jpg', 1, 1, 1, 1, 1, 1, 120, 1437480863),
(30, 'V领连衣裙', '【星星时代】韩国气质V领连衣裙', '无论你是想去旅行，约会，上班，shopping，狂欢；潮流的款式好穿到出乎我的意料之外；V领短袖绣花连衣裙 无法控制的爱上它 推荐给大家！！！', '', 'http://shop.mogujie.com/detail/17sz4du?traceid=book_2emss5iks7b4&amp;ptp=1.PaAwBfnx._items.1.veUqbt', 34, '56.00', 74, '2015-07-21/55ae388d254a0.jpg', '2015-07-21/img250x250_55ae388d254a0.jpg', '2015-07-21/img120x120_55ae388d254a0.jpg', '2015-07-21/img45x45_55ae388d254a0.jpg', '2015-07-21/img220x284_55ae388d254a0.jpg', '2015-07-21/img_new_55ae388d6452e.jpg', 1, 1, 1, 1, 1, 1, 120, 1437481101),
(31, '七分雪纺阔腿裤', '韩版休闲百搭纯色双层七分雪纺阔腿裤', '阔腿裤在本季风靡一时，七分的比例效果拿捏恰到好处，外长内短，内实外虚的对比效果，凸显时尚层次感。\r\n\r\n', '', 'http://shop.mogujie.com/detail/17rvqo6?traceid=book_2emt64zibc3k&amp;cparam=&amp;ptp=1.PaAwBfnx._items.3.v8SWyF', 31, '39.20', 89, '2015-07-21/55ae397e3e750.jpg', '2015-07-21/img250x250_55ae397e3e750.jpg', '2015-07-21/img120x120_55ae397e3e750.jpg', '2015-07-21/img45x45_55ae397e3e750.jpg', '2015-07-21/img220x284_55ae397e3e750.jpg', '2015-07-21/img_new_55ae397ed52ac.jpg', 1, 1, 1, 1, 1, 1, 120, 1437481342),
(32, '弹力打底裤', '显瘦高腰口袋弹力打底裤', '\r\n\r\n2015最热销款韩版瘦腿裤，店主自留款，不得不说，此款裤裤，绝非圣贤！巨显瘦的韩版小脚裤，高腰设计，韩版包身包小脚！精选韩国最受欢迎颜色，素净大气时尚！不仅具有不同凡响的塑腿型效果，还能拉长整个比例使整个身材看起来更加修长哦！显瘦神器！爱美爱时尚的mm不得不爱~\r\n\r\n', '', 'http://shop.mogujie.com/detail/17s3ads?traceid=book_2emtinj0dmo0&amp;cparam=MTQzNzQ4MTM4MF8xN3MzcTlzXzgxMjA3Y2NkNGU4ZjQwZWFjODkxMzczNDIwYzM2ZDhjXzNfMA==&amp;ptp=1.PaAwBfnx._items.9.UXZWBS', 32, '28.00', 89, '2015-07-21/55ae3a775145a.jpg', '2015-07-21/img250x250_55ae3a775145a.jpg', '2015-07-21/img120x120_55ae3a775145a.jpg', '2015-07-21/img45x45_55ae3a775145a.jpg', '2015-07-21/img220x284_55ae3a775145a.jpg', '2015-07-21/img_new_55ae3a77b3743.jpg', 1, 1, 1, 1, 1, 1, 120, 1437481591),
(33, '纯棉打底七分裤', '纯棉打底七分裤', '七分纯棉打底裤，女士夏季糖果色薄款小脚裤', '', 'http://shop.mogujie.com/detail/17rmuyi?traceid=book_2emtv7tw6neo&amp;ptp=1.PaAwBfnx._items.13.HUXnnF', 33, '19.95', 89, '2015-07-21/55ae3b71da502.jpg', '2015-07-21/img250x250_55ae3b71da502.jpg', '2015-07-21/img120x120_55ae3b71da502.jpg', '2015-07-21/img45x45_55ae3b71da502.jpg', '2015-07-21/img220x284_55ae3b71da502.jpg', '2015-07-21/img_new_55ae3b723c577.jpg', 1, 1, 1, 1, 1, 1, 120, 1437481841),
(34, '棉麻休闲长裤', '【安苏家】新款棉麻休闲长裤', '\r\n\r\n棉麻长裤，宽松版型，但是穿上显瘦，随意百搭无论是T恤或者衬衣效果都非常不错！不起球不变形，裤型好到爆！', NULL, 'http://shop.mogujie.com/detail/17o6l0k?traceid=book_2emupp8w0000&amp;cparam=MTQzNzQ4MjE4NF8xNm4yMDV1XzdhZDJhYjU3MDA2Y2E1NGIxNjAwY2VmN2U0MzdmZWYzXzNfMQ==&amp;ptp=1.PaAwBfnx._items.19.ghCiTD', 30, '59.50', 89, '2015-07-21/55ae3d6211170.jpg', '2015-07-21/img250x250_55ae3d6211170.jpg', '2015-07-21/img120x120_55ae3d6211170.jpg', '2015-07-21/img45x45_55ae3d6211170.jpg', '2015-07-21/img220x284_55ae3d6211170.jpg', '2015-07-21/img_new_55ae3d625e625.jpg', 1, 1, 1, 1, 1, 1, 120, 1437482338),
(35, '牛仔短裤', '韩版渐变色牛仔短裤', '非常有个性的一款牛仔短裤，超级显瘦！', '', 'http://shop.mogujie.com/detail/17ph03a?traceid=book_2emuxq0j4glc&amp;ptp=1.PaAwBfnx._items.93.aWvMLv', 21, '49.00', 67, '2015-07-21/55ae3e1b1f351.jpg', '2015-07-21/img250x250_55ae3e1b1f351.jpg', '2015-07-21/img120x120_55ae3e1b1f351.jpg', '2015-07-21/img45x45_55ae3e1b1f351.jpg', '2015-07-21/img220x284_55ae3e1b1f351.jpg', '2015-07-21/img_new_55ae3e1b7ab55.jpg', 1, 1, 1, 1, 1, 1, 120, 1437482523),
(36, '显瘦铅笔小脚裤', '秋款百搭划破修身显瘦铅笔小脚裤', '非常好看，推荐给各位菇凉哦\r\n\r\n', NULL, 'http://shop.mogujie.com/detail/17rwyfu?traceid=book_2emv7imkr5ds&amp;ptp=1.PaAwBfnx._items.23.MnhiIJ', 22, '63.50', 76, '2015-07-21/55ae3eb96c3ee.jpg', '2015-07-21/img250x250_55ae3eb96c3ee.jpg', '2015-07-21/img120x120_55ae3eb96c3ee.jpg', '2015-07-21/img45x45_55ae3eb96c3ee.jpg', '2015-07-21/img220x284_55ae3eb96c3ee.jpg', '2015-07-21/img_new_55ae3eb9cfcd5.jpg', 1, 1, 1, 1, 1, 1, 120, 1437482681),
(37, '蝴蝶结阔腿裤', '【安樂公主】蝴蝶结阔腿裤', '\r\n\r\n韩国原版高端面料，1:1精品定制，版型正，面料优质，做工精细！款式独特~', NULL, 'http://shop.mogujie.com/detail/17ntmjo?traceid=book_2emvgzbnzmkg&amp;ptp=1.PaAwBfnx._items.33.6MnqG1', 23, '69.30', 89, '2015-07-21/55ae3f6d6f7cf.jpg', '2015-07-21/img250x250_55ae3f6d6f7cf.jpg', '2015-07-21/img120x120_55ae3f6d6f7cf.jpg', '2015-07-21/img45x45_55ae3f6d6f7cf.jpg', '2015-07-21/img220x284_55ae3f6d6f7cf.jpg', '2015-07-21/img_new_55ae3f6dc80ae.jpg', 1, 1, 1, 1, 1, 1, 120, 1437482861),
(38, '显瘦阔腿连体裤', '天天 巨显瘦阔腿连体裤', '料子是雪纺的哦~夏天穿超级舒服，和服的设计灵感，背面也是超级好看的，整体真心巨显瘦啊，宽松版适合各种身材的mm，真心推荐入手~~上身效果炒鸡棒棒哒~~九分裤来的哦~超级好看哒\r\n\r\n', NULL, 'http://shop.mogujie.com/detail/17nq2em?traceid=book_2emvgzbnzmkg&amp;ptp=1.PaAwBfnx._items.21.6MnqG1', 23, '57.42', 66, '2015-07-21/55ae402fe8c82.jpg', '2015-07-21/img250x250_55ae402fe8c82.jpg', '2015-07-21/img120x120_55ae402fe8c82.jpg', '2015-07-21/img45x45_55ae402fe8c82.jpg', '2015-07-21/img220x284_55ae402fe8c82.jpg', '2015-07-21/img_new_55ae403047550.jpg', 1, 1, 1, 1, 1, 1, 120, 1437483055),
(39, '适坡跟女凉鞋', '巨圣2015夏季金属装饰舒适坡跟女凉鞋', '', '', 'http://www.vip.com/detail-471976-63032004.html?f=0|0|0|1', 66, '78.00', 89, '2015-07-21/55ae416f29f73.jpg', '2015-07-21/img250x250_55ae416f29f73.jpg', '2015-07-21/img120x120_55ae416f29f73.jpg', '2015-07-21/img45x45_55ae416f29f73.jpg', '2015-07-21/img220x284_55ae416f29f73.jpg', '2015-07-21/img_new_55ae416fe2e60.jpg', 2, 1, 1, 1, 1, 1, 120, 1437483375),
(40, '凉拖鞋女凉拖鞋', 'Bfenro/缤纷路 2015新款欧美真皮一字拖凉拖厚底松糕平跟凉拖鞋女凉拖鞋夏黑色ii35', 'Bfenro/缤纷路 2015新款欧美真皮一字拖凉拖厚底松糕平跟凉拖鞋女凉拖鞋夏黑色ii35', NULL, 'http://item.yhd.com/item/49365502?tc=3.1.5.49365502.8&amp;tp=51.%E5%87%89%E6%8B%96%E9%9E%8B%20%E5%A5%B3.124.8.1.Kukha45-10-6pbqs', 51, '169.00', 89, '2015-07-21/55ae43da5fef8.jpg', '2015-07-21/img250x250_55ae43da5fef8.jpg', '2015-07-21/img120x120_55ae43da5fef8.jpg', '2015-07-21/img45x45_55ae43da5fef8.jpg', '2015-07-21/img220x284_55ae43da5fef8.jpg', '2015-07-21/img_new_55ae43da9bbd0.jpg', 1, 1, 1, 1, 1, 1, 120, 1437483994),
(41, '沙滩鞋夹趾女凉鞋', '新款韩版罗马凉鞋女鞋平底英伦风休闲沙滩鞋', '秀扬XIUYANG 2015春夏季新款韩版罗马凉鞋女鞋平底英伦风休闲沙滩鞋夹趾女凉鞋黑色37', '', 'http://item.yhd.com/item/47527426?tc=3.1.5.47527426.5&amp;tp=51.%E6%B2%99%E6%BB%A9%E9%9E%8B%20%E5%A5%B3.124.5.1.KukiNtw-10-6pbqs', 53, '68.00', 68, '2015-07-21/55ae447a9dab8.jpg', '2015-07-21/img250x250_55ae447a9dab8.jpg', '2015-07-21/img120x120_55ae447a9dab8.jpg', '2015-07-21/img45x45_55ae447a9dab8.jpg', '2015-07-21/img220x284_55ae447a9dab8.jpg', '2015-07-21/img_new_55ae447ace812.jpg', 2, 1, 1, 1, 1, 1, 120, 1437484154),
(42, '坡跟网纱单鞋', '萱凡 2015春夏季新款水钻珠珠格子金属坡跟网纱内增女尖头单鞋粉红37', '', NULL, 'http://item.yhd.com/item/45698585?tc=3.1.5.45698585.1&amp;tp=51.%E5%9D%A1%E8%B7%9F%E9%9E%8B%20%E5%A5%B3.124.1.1.KukivvM-10-6pbqs', 54, '136.00', 74, '2015-07-21/55ae4510b97c2.jpg', '2015-07-21/img250x250_55ae4510b97c2.jpg', '2015-07-21/img120x120_55ae4510b97c2.jpg', '2015-07-21/img45x45_55ae4510b97c2.jpg', '2015-07-21/img220x284_55ae4510b97c2.jpg', '2015-07-21/img_new_55ae4510ef016.jpg', 2, 1, 1, 1, 1, 1, 120, 1437484304),
(43, '高跟鞋粗跟蝴蝶结', '逸希 2015新款单鞋春季女高跟鞋粗跟蝴蝶结OL休闲女鞋子3QW08深蓝37', '', NULL, 'http://item.yhd.com/item/22739811?tc=3.1.5.22739811.6&amp;tp=51.%E5%8E%9A%E5%BA%95%E5%8D%95%E9%9E%8B%20%E5%A5%B3.124.6.1.KukjWcX-10-6pbqs', 55, '114.00', 89, '2015-07-21/55ae45a43a488.jpg', '2015-07-21/img250x250_55ae45a43a488.jpg', '2015-07-21/img120x120_55ae45a43a488.jpg', '2015-07-21/img45x45_55ae45a43a488.jpg', '2015-07-21/img220x284_55ae45a43a488.jpg', '2015-07-21/img_new_55ae45a4734fd.jpg', 2, 1, 1, 1, 1, 1, 120, 1437484452),
(44, '一脚蹬透气半拖帆布鞋', '驰远CHIYUAN 春夏新款韩版一脚蹬透气半拖帆布鞋厚底豹纹套脚懒人鞋帆布鞋拖鞋637白黑色39', '', NULL, 'http://item.yhd.com/item/48419105?tc=3.1.5.48419105.9&amp;tp=51.%E4%B8%80%E8%84%9A%E8%B9%AC%20%E5%A5%B3.124.9.1.Kukk5OP-10-6pbqs', 56, '49.00', 67, '2015-07-21/55ae463761c00.jpg', '2015-07-21/img250x250_55ae463761c00.jpg', '2015-07-21/img120x120_55ae463761c00.jpg', '2015-07-21/img45x45_55ae463761c00.jpg', '2015-07-21/img220x284_55ae463761c00.jpg', '2015-07-21/img_new_55ae4637b04f0.jpg', 2, 1, 1, 1, 1, 1, 120, 1437484599),
(45, '水晶果冻凉鞋', '时尚大花朵水晶果冻凉鞋', '防滑 时尚 百搭', NULL, 'http://shop.mogujie.com/detail/17rasea?traceid=search_2emyc6mxjcow&amp;ptp=1.BhVuTAyC._items.1.6A5uQ8', 57, '49.00', 89, '2015-07-21/55ae471fa2888.jpg', '2015-07-21/img250x250_55ae471fa2888.jpg', '2015-07-21/img120x120_55ae471fa2888.jpg', '2015-07-21/img45x45_55ae471fa2888.jpg', '2015-07-21/img220x284_55ae471fa2888.jpg', '2015-07-21/img_new_55ae47200a13f.jpg', 2, 1, 1, 1, 1, 1, 120, 1437484831),
(46, '复古编带超高坡跟', '复古编带超高坡跟一字凉鞋', '2015新款超高坡跟绒面凉鞋，上脚气质显身材，爱美的概念不要错过', NULL, 'http://shop.mogujie.com/detail/16qz55m?traceid=search_2emyqntawkxs&amp;ptp=1.BhVuTAyC._items.1.1RqqI6', 68, '79.00', 89, '2015-07-21/55ae47d2a9a91.jpg', '2015-07-21/img250x250_55ae47d2a9a91.jpg', '2015-07-21/img120x120_55ae47d2a9a91.jpg', '2015-07-21/img45x45_55ae47d2a9a91.jpg', '2015-07-21/img220x284_55ae47d2a9a91.jpg', '2015-07-21/img_new_55ae47d326fcd.jpg', 2, 1, 1, 1, 1, 1, 120, 1437485010),
(48, '单肩包斜挎小包包', '包夏款2015潮女简约手提包新款女士手包手拿包单肩包斜挎小包包', '', NULL, 'https://detail.tmall.com/item.htm?spm=a220m.1000858.1000725.22.arzOGh&amp;id=39280065986&amp;skuId=86964835676&amp;areaId=110000&amp;cat_id=53690009&amp;rn=c6781dcfbeef199de31a8fd0e2289e37&amp;user_id=1623823692&amp;is_b=1', 92, '99.00', 47, '2015-07-21/55ae492008c1f.jpg', '2015-07-21/img250x250_55ae492008c1f.jpg', '2015-07-21/img120x120_55ae492008c1f.jpg', '2015-07-21/img45x45_55ae492008c1f.jpg', '2015-07-21/img220x284_55ae492008c1f.jpg', '2015-07-21/img_new_55ae49204c393.jpg', 3, 1, 1, 1, 1, 1, 120, 1437485361),
(49, '夏季新款附零钱包', '《点缀俏佳人》夏季新款附零钱包', '极简风 ，少金属感！各国潮人纷纷追捧，无敌搭配 ！！多色可选！', NULL, 'http://shop.mogujie.com/detail/17py3km?traceid=search_2emzgndygao0&amp;ptp=1.BhVuTAyC._items.33.mU62Pg', 90, '69.30', 69, '2015-07-21/55ae4a038f3ea.jpg', '2015-07-21/img250x250_55ae4a038f3ea.jpg', '2015-07-21/img120x120_55ae4a038f3ea.jpg', '2015-07-21/img45x45_55ae4a038f3ea.jpg', '2015-07-21/img220x284_55ae4a038f3ea.jpg', '2015-07-21/img_new_55ae4a03e46d4.jpg', 3, 1, 1, 1, 1, 1, 120, 1437485571),
(50, '凡思曼包包', '凡思曼包包2015春夏新款潮女包韩版时尚单肩包女士休闲手提包大包 ', '', NULL, 'https://detail.tmall.com/item.htm?spm=a220m.1000858.1000725.136.nONmDi&amp;id=41206932222&amp;skuId=81124504643&amp;areaId=110000&amp;cat_id=53690009&amp;rn=531042258384cf6ab4b6a73b533ebf29&amp;user_id=2184510331&amp;is_b=1', 91, '99.00', 89, '2015-07-21/55ae4b724f87a.jpg', '2015-07-21/img250x250_55ae4b724f87a.jpg', '2015-07-21/img120x120_55ae4b724f87a.jpg', '2015-07-21/img45x45_55ae4b724f87a.jpg', '2015-07-21/img220x284_55ae4b724f87a.jpg', '2015-07-21/img_new_55ae4b7279664.jpg', 3, 1, 1, 1, 1, 1, 120, 1437485938),
(51, '旅行箱', '旅行箱 行李箱 男女通用 拉杆箱', '极速发货 7天无理由退换货 终身质保，经典简约设计，箱体abs+pc材质 ，材质特征是轻、薄， 韧性、恢复性好，箱子整体轻便而且很耐用！', NULL, 'http://shop.mogujie.com/detail/17o714s?traceid=search_2en0cii6lfk0&amp;ptp=1.BhVuTAyC._items.35.ahSkOK', 93, '150.00', 89, '2015-07-21/55ae4c7734ffb.jpg', '2015-07-21/img250x250_55ae4c7734ffb.jpg', '2015-07-21/img120x120_55ae4c7734ffb.jpg', '2015-07-21/img45x45_55ae4c7734ffb.jpg', '2015-07-21/img220x284_55ae4c7734ffb.jpg', '2015-07-21/img_new_55ae4c77c5093.jpg', 3, 1, 1, 1, 1, 1, 120, 1437486239),
(52, '多卡位钱包', '复古十字纹多卡位钱包', '简单大方 时尚百搭哦', '', 'http://shop.mogujie.com/detail/17rd9v0?traceid=search_2en0rlxj5ekg&amp;ptp=1.BhVuTAyC._items.3.MEyxZR', 94, '39.00', 89, '2015-07-21/55ae4d4817340.jpg', '2015-07-21/img250x250_55ae4d4817340.jpg', '2015-07-21/img120x120_55ae4d4817340.jpg', '2015-07-21/img45x45_55ae4d4817340.jpg', '2015-07-21/img220x284_55ae4d4817340.jpg', '2015-07-21/img_new_55ae4d48af6de.jpg', 3, 1, 0, 1, 0, 1, 120, 1437486408),
(53, '万年款帆布包', '米粒家.万年款帆布包', '最爱藏蓝色 而且纯棉的布袋 不像其他帆布粗糙呢 特别实用 我出去玩都拎这个 里面还有个小口袋', NULL, 'http://shop.mogujie.com/detail/17qlvn6?traceid=search_2en11migyghs&amp;ptp=1.BhVuTAyC._items.23.jd1rZz', 96, '35.00', 74, '2015-07-21/55ae4e2b23b7c.jpg', '2015-07-21/img250x250_55ae4e2b23b7c.jpg', '2015-07-21/img120x120_55ae4e2b23b7c.jpg', '2015-07-21/img45x45_55ae4e2b23b7c.jpg', '2015-07-21/img220x284_55ae4e2b23b7c.jpg', '2015-07-21/img_new_55ae4e2b69880.jpg', 3, 1, 1, 1, 1, 1, 120, 1437486655),
(54, '字母双肩包', '【米家】韩版街拍字母双肩包', '优质牛津布质地 2015专柜正品百搭休闲双肩包 韩版学院风新款双肩背包 夏季百搭', NULL, 'http://shop.mogujie.com/detail/17qc4ns?traceid=search_2en1dgkz5ybk&amp;ptp=1.BhVuTAyC._items.15.xDGVKW', 99, '69.00', 76, '2015-07-21/55ae4ed153c26.jpg', '2015-07-21/img250x250_55ae4ed153c26.jpg', '2015-07-21/img120x120_55ae4ed153c26.jpg', '2015-07-21/img45x45_55ae4ed153c26.jpg', '2015-07-21/img220x284_55ae4ed153c26.jpg', '2015-07-21/img_new_55ae4ed1b3ea0.jpg', 3, 1, 1, 1, 1, 1, 120, 1437486829),
(55, '珍珠贝壳链条包', '编织小香风珍珠贝壳链条包', '哈哈哈！！！名媛风的小贝壳包包来啦~果断自留款！！连蝴蝶结都飘着仙气啊~~~喜欢死了~~~~', NULL, 'http://shop.mogujie.com/detail/17rzyx6?traceid=search_2en1npu4j8xs&amp;ptp=1.BhVuTAyC._items.7.RxbNGp', 114, '56.00', 76, '2015-07-21/55ae4fce51cba.jpg', '2015-07-21/img250x250_55ae4fce51cba.jpg', '2015-07-21/img120x120_55ae4fce51cba.jpg', '2015-07-21/img45x45_55ae4fce51cba.jpg', '2015-07-21/img220x284_55ae4fce51cba.jpg', '2015-07-21/img_new_55ae4fceba2de.jpg', 3, 1, 1, 1, 1, 1, 120, 1437487054),
(56, '时尚链条小包', '韩版大牌时尚链条小包', '纯手机拍摄~~~复古名媛风的包包，牛二层皮（定制大象纹），结合经典的镶钻点缀！！无论是逛街，聚会还是上班，有你的地方就是有气场！', NULL, 'http://shop.mogujie.com/detail/17rw0x0?traceid=search_2en1yk9l9vcw&amp;ptp=1.BhVuTAyC._items.1.I8ehol', 118, '68.40', 89, '2015-07-21/55ae507a3cb34.jpg', '2015-07-21/img250x250_55ae507a3cb34.jpg', '2015-07-21/img120x120_55ae507a3cb34.jpg', '2015-07-21/img45x45_55ae507a3cb34.jpg', '2015-07-21/img220x284_55ae507a3cb34.jpg', '2015-07-21/img_new_55ae507a747a2.jpg', 3, 1, 1, 1, 1, 1, 120, 1437487226),
(57, '双面镶钻珍珠耳钉', '【爱围皇后】双面镶钻珍珠耳钉', '独特的10爪微镶钻，包裹着珍珠，气场强大，采用超厚18K真金玫瑰金电镀，不易褪色\r\n\r\n', NULL, 'http://shop.mogujie.com/detail/17q5dqg?traceid=book_2en2ls1g1k3k&amp;ptp=1.1tgcdxBx._items.1.NC6YCT', 132, '35.00', 74, '2015-07-21/55ae51ec17718.jpg', '2015-07-21/img250x250_55ae51ec17718.jpg', '2015-07-21/img120x120_55ae51ec17718.jpg', '2015-07-21/img45x45_55ae51ec17718.jpg', '2015-07-21/img220x284_55ae51ec17718.jpg', '2015-07-21/img_new_55ae51ec52899.jpg', 4, 1, 1, 1, 1, 1, 120, 1437487596),
(58, '晶项链锁骨吊坠', '施华洛世奇纯银水晶项链锁骨吊坠', '经典款式项链，工艺媲美大牌。', NULL, 'http://shop.mogujie.com/detail/16r96bo?traceid=search_2en2rvh052io&amp;ptp=1.BhVuTAyC._items.3.vFfcPJ', 133, '135.10', 76, '2015-07-21/55ae52dfb4f94.jpg', '2015-07-21/img250x250_55ae52dfb4f94.jpg', '2015-07-21/img120x120_55ae52dfb4f94.jpg', '2015-07-21/img45x45_55ae52dfb4f94.jpg', '2015-07-21/img220x284_55ae52dfb4f94.jpg', '2015-07-21/img_new_55ae52e007e23.jpg', 4, 1, 1, 1, 1, 1, 120, 1437487839),
(59, '浪漫对戒', '浪漫对戒 美钻戒指', '情侣必备款戒指', '', 'http://shop.mogujie.com/detail/16r319y?traceid=search_2en34obalkao&amp;ptp=1.BhVuTAyC._items.5.S64sEb', 134, '98.00', 76, '2015-07-21/55ae539c9b77f.jpg', '2015-07-21/img250x250_55ae539c9b77f.jpg', '2015-07-21/img120x120_55ae539c9b77f.jpg', '2015-07-21/img45x45_55ae539c9b77f.jpg', '2015-07-21/img220x284_55ae539c9b77f.jpg', '2015-07-21/img_new_55ae539cd4b26.jpg', 4, 1, 0, 1, 0, 1, 120, 1437488028),
(60, '元素水晶手镯', '采用施华洛世奇元素水晶手镯', '采用施华洛世奇元素水晶手镯', '', 'http://shop.mogujie.com/detail/17nuyna?traceid=search_2en3ealdz75s&amp;ptp=1.BhVuTAyC._items.5.CpCaPZ', 135, '159.92', 86, '2015-07-21/55ae544c3e4b3.jpg', '2015-07-21/img250x250_55ae544c3e4b3.jpg', '2015-07-21/img120x120_55ae544c3e4b3.jpg', '2015-07-21/img45x45_55ae544c3e4b3.jpg', '2015-07-21/img220x284_55ae544c3e4b3.jpg', '2015-07-21/img_new_55ae544c7c733.jpg', 4, 1, 1, 1, 1, 1, 120, 1437488204),
(61, '水晶时尚新款手镯', '采用施华洛水晶时尚新款手镯', '简单的基本款极细的金属手镯，在珍珠的衬托下，特别镶嵌施华洛世奇元素水晶，闪闪亮亮更配哦~', NULL, 'http://s11.mogucdn.com/b7/pic/150531/1j2xsi_ie2gkytbgm4dmmbygezdambqgiyde_640x960.jpg_468x468.jpg', 137, '105.00', 89, '2015-07-21/55ae54d8404f6.jpg', '2015-07-21/img250x250_55ae54d8404f6.jpg', '2015-07-21/img120x120_55ae54d8404f6.jpg', '2015-07-21/img45x45_55ae54d8404f6.jpg', '2015-07-21/img220x284_55ae54d8404f6.jpg', '2015-07-21/img_new_55ae54d880020.jpg', 4, 1, 1, 1, 1, 1, 120, 1437488344),
(62, '珍珠蕾丝飘带发箍', '妙饰佳人 珍珠蕾丝飘带发箍', '2015年最新款蕾丝发箍 轻盈的蕾丝，点缀润滑的珍珠，低调的小性感~ 夏天搭配裙装更显气质奥！', NULL, 'http://shop.mogujie.com/detail/17rvwsg?traceid=search_2en3xa2qss8w&amp;ptp=1.BhVuTAyC._items.5.2mbfnJ', 146, '13.86', 76, '2015-07-21/55ae55baaaeef.jpg', '2015-07-21/img250x250_55ae55baaaeef.jpg', '2015-07-21/img120x120_55ae55baaaeef.jpg', '2015-07-21/img45x45_55ae55baaaeef.jpg', '2015-07-21/img220x284_55ae55baaaeef.jpg', '2015-07-21/img_new_55ae55bb12174.jpg', 4, 1, 1, 1, 1, 1, 120, 1437488570),
(63, '结水晶发圈', '珍珠蝴蝶结水晶发圈', '网纱蝴蝶结，多么神秘的感觉，方形水晶，闪闪发亮，如此搭配真是一绝，美呆了~~', NULL, 'http://shop.mogujie.com/detail/16ox1eq?traceid=search_2en3xa2qss8w&amp;ptp=1.BhVuTAyC._items.75.2mbfnJ', 146, '13.86', 89, '2015-07-21/55ae5674285ed.jpg', '2015-07-21/img250x250_55ae5674285ed.jpg', '2015-07-21/img120x120_55ae5674285ed.jpg', '2015-07-21/img45x45_55ae5674285ed.jpg', '2015-07-21/img220x284_55ae5674285ed.jpg', '2015-07-21/img_new_55ae567483d42.jpg', 4, 1, 1, 1, 1, 1, 120, 1437488756),
(64, '圆框百搭太阳镜', 'MIU家新款复古圆框百搭太阳镜', '欧美系潮爆款，大大的简单圆框型设计，以其百搭瘦脸型效果，上脸感觉超棒，深受网络红人时尚潮人爱戴，2014绝佳单品，简单大方，没有比这更好，炎炎夏日即将来临 赶紧下手哦', NULL, 'http://shop.mogujie.com/detail/16nsjxc?traceid=detail&amp;yixiu=shop_right_123pjzo_11o&amp;ptp=1.po63RQbx._rechot.3.ztTQU2', 144, '35.00', 89, '2015-07-21/55ae575a9265d.jpg', '2015-07-21/img250x250_55ae575a9265d.jpg', '2015-07-21/img120x120_55ae575a9265d.jpg', '2015-07-21/img45x45_55ae575a9265d.jpg', '2015-07-21/img220x284_55ae575a9265d.jpg', '2015-07-21/img_new_55ae575aca84e.jpg', 4, 1, 1, 1, 1, 1, 120, 1437488986),
(66, '布迷彩平沿帽', 'DGK男女通用贴布迷彩平沿帽', '官网新款，贴布刺绣，做工精细，非常时尚', NULL, 'http://shop.mogujie.com/detail/17pjork?traceid=search_2en5p5p52hvk&amp;ptp=1.BhVuTAyC._items.3.L6CKzw', 142, '19.60', 89, '2015-07-21/55ae5a27a0950.jpg', '2015-07-21/img250x250_55ae5a27a0950.jpg', '2015-07-21/img120x120_55ae5a27a0950.jpg', '2015-07-21/img45x45_55ae5a27a0950.jpg', '2015-07-21/img220x284_55ae5a27a0950.jpg', '2015-07-21/img_new_55ae5a27e43a4.jpg', 4, 1, 1, 1, 1, 1, 120, 1437489703);

-- --------------------------------------------------------

--
-- 表的结构 `if43_pro_attr`
--

CREATE TABLE IF NOT EXISTS `if43_pro_attr` (
  `pro_attr_id` int(10) unsigned NOT NULL AUTO_INCREMENT COMMENT '编号ID',
  `pro_id` int(10) unsigned NOT NULL DEFAULT '0' COMMENT '商品ID',
  `attr_id` smallint(5) unsigned NOT NULL DEFAULT '0' COMMENT '属性ID',
  `attr_value` varchar(255) NOT NULL DEFAULT '' COMMENT '属性值',
  `attr_price` decimal(10,2) NOT NULL DEFAULT '0.00' COMMENT '属性价格',
  PRIMARY KEY (`pro_attr_id`),
  KEY `goods_id` (`pro_id`),
  KEY `attr_id` (`attr_id`)
) ENGINE=MyISAM  DEFAULT CHARSET=utf8 AUTO_INCREMENT=196 ;

--
-- 转存表中的数据 `if43_pro_attr`
--

INSERT INTO `if43_pro_attr` (`pro_attr_id`, `pro_id`, `attr_id`, `attr_value`, `attr_price`) VALUES
(12, 4, 1, '办公通勤', '0.00'),
(191, 65, 4, '优雅聚会', '0.00'),
(11, 4, 2, '通勤', '0.00'),
(193, 66, 12, '可爱', '0.00'),
(192, 65, 19, '学院', '0.00'),
(13, 4, 3, '印花', '0.00'),
(14, 5, 1, '办公通勤', '0.00'),
(15, 5, 2, '小清新', '0.00'),
(16, 5, 3, '破洞', '0.00'),
(17, 7, 4, '逛街购物', '0.00'),
(18, 7, 19, 'BF风', '0.00'),
(19, 7, 6, '约会必备', '0.00'),
(20, 8, 7, '逛街', '0.00'),
(21, 8, 8, '韩版', '0.00'),
(22, 8, 9, '真皮', '0.00'),
(23, 8, 10, '流苏', '0.00'),
(24, 8, 11, '复古包', '0.00'),
(25, 9, 12, '复古', '0.00'),
(26, 9, 13, '合金', '0.00'),
(27, 9, 14, '土豪金', '0.00'),
(28, 10, 15, '甜蜜约会', '0.00'),
(29, 10, 16, '性感鱼尾', '0.00'),
(30, 10, 17, '宽松V领', '0.00'),
(31, 10, 18, '森女', '0.00'),
(32, 11, 15, '优雅聚会', '0.00'),
(33, 11, 16, '粗跟', '0.00'),
(34, 11, 17, '时尚杂志', '0.00'),
(35, 11, 18, '休闲', '0.00'),
(36, 12, 15, '逛街购物', '0.00'),
(37, 12, 16, 'C&amp;K', '0.00'),
(38, 12, 17, '清新风', '0.00'),
(39, 12, 18, 'BF风', '0.00'),
(40, 13, 15, '逛街购物', '0.00'),
(41, 13, 16, '蝴蝶结', '0.00'),
(42, 13, 17, '遮阳帽', '0.00'),
(43, 13, 18, '学院', '0.00'),
(44, 14, 15, '逛街购物', '0.00'),
(45, 14, 16, '破破洞', '0.00'),
(46, 14, 17, '铅笔裤', '0.00'),
(47, 14, 18, '个性', '0.00'),
(48, 15, 1, '甜蜜约会', '0.00'),
(49, 15, 2, '小清新', '0.00'),
(50, 15, 3, '条纹', '0.00'),
(55, 17, 2, '甜美', '0.00'),
(54, 17, 1, '旅游出行', '0.00'),
(56, 17, 3, '格纹', '0.00'),
(57, 18, 1, '办公通勤', '0.00'),
(58, 18, 2, '通勤', '0.00'),
(59, 18, 3, '撞色', '0.00'),
(60, 19, 1, '逛街购物', '0.00'),
(61, 19, 2, '优雅', '0.00'),
(62, 19, 3, '亮片', '0.00'),
(63, 20, 1, '甜蜜约会', '0.00'),
(64, 20, 2, '卖萌', '0.00'),
(65, 20, 3, '镂空', '0.00'),
(66, 21, 1, '逛街购物', '0.00'),
(67, 21, 2, '休闲风', '0.00'),
(68, 21, 3, '字母', '0.00'),
(69, 22, 1, '甜蜜约会', '0.00'),
(70, 22, 2, '学院', '0.00'),
(71, 22, 3, '字母', '0.00'),
(72, 23, 1, '逛街购物', '0.00'),
(73, 23, 2, '韩版', '0.00'),
(74, 23, 3, '亮片', '0.00'),
(75, 24, 1, '甜蜜约会', '0.00'),
(76, 24, 2, '甜美', '0.00'),
(77, 24, 3, '卡通', '0.00'),
(78, 25, 1, '甜蜜约会', '0.00'),
(79, 25, 2, '韩版', '0.00'),
(80, 25, 3, '镂空', '0.00'),
(81, 26, 1, '旅游出行', '0.00'),
(82, 26, 2, '休闲', '0.00'),
(83, 26, 3, '卡通', '0.00'),
(84, 27, 1, '优雅聚会', '0.00'),
(85, 27, 2, '韩版', '0.00'),
(86, 27, 3, '碎花', '0.00'),
(87, 28, 1, '逛街购物', '0.00'),
(88, 28, 2, '可爱', '0.00'),
(89, 28, 3, '条纹', '0.00'),
(90, 29, 1, '优雅聚会', '0.00'),
(91, 29, 2, '淑女', '0.00'),
(92, 29, 3, '波点', '0.00'),
(93, 30, 1, '旅游出行', '0.00'),
(94, 30, 2, '优雅', '0.00'),
(95, 30, 3, '印花', '0.00'),
(96, 31, 1, '户外运动', '0.00'),
(97, 31, 2, '韩版', '0.00'),
(98, 31, 3, '撞色', '0.00'),
(99, 32, 1, '旅游出行', '0.00'),
(100, 32, 2, '优雅', '0.00'),
(101, 32, 3, '', '0.00'),
(102, 33, 1, '办公通勤', '0.00'),
(103, 33, 2, '淑女', '0.00'),
(104, 33, 3, '提花', '0.00'),
(105, 34, 1, '户外运动', '0.00'),
(106, 34, 2, '休闲风', '0.00'),
(107, 34, 3, '褶皱', '0.00'),
(108, 35, 1, '逛街购物', '0.00'),
(109, 35, 2, '甜美', '0.00'),
(110, 35, 3, '撞色', '0.00'),
(111, 36, 1, '办公通勤', '0.00'),
(112, 36, 2, '个性', '0.00'),
(113, 36, 3, '破洞', '0.00'),
(114, 37, 1, '旅游出行', '0.00'),
(115, 37, 2, '学院', '0.00'),
(116, 37, 3, '钩花', '0.00'),
(117, 38, 1, '办公通勤', '0.00'),
(118, 38, 2, '朋克', '0.00'),
(119, 38, 3, '条纹', '0.00'),
(120, 39, 4, '办公通勤', '0.00'),
(121, 39, 19, '优雅', '0.00'),
(122, 40, 1, '优雅聚会', '0.00'),
(123, 40, 2, '休闲风', '0.00'),
(124, 40, 3, '拼接', '0.00'),
(125, 41, 4, '户外运动', '0.00'),
(126, 41, 19, '通勤', '0.00'),
(127, 42, 4, '优雅聚会', '0.00'),
(128, 42, 19, '文艺风', '0.00'),
(129, 43, 4, '办公通勤', '0.00'),
(130, 43, 19, '休闲风', '0.00'),
(131, 44, 4, '旅游出行', '0.00'),
(132, 44, 19, '休闲', '0.00'),
(133, 45, 4, '甜蜜约会', '0.00'),
(134, 45, 19, '甜美', '0.00'),
(135, 46, 4, '', '0.00'),
(136, 46, 19, '', '0.00'),
(142, 48, 7, '', '0.00'),
(141, 48, 8, '朋克', '0.00'),
(140, 48, 9, '', '0.00'),
(143, 49, 7, '通勤', '0.00'),
(144, 49, 8, '文艺风', '0.00'),
(145, 49, 9, '帆布', '0.00'),
(146, 50, 7, '聚会', '0.00'),
(147, 50, 8, '学院', '0.00'),
(148, 50, 9, '防水', '0.00'),
(149, 51, 7, '旅游', '0.00'),
(150, 51, 8, '可爱', '0.00'),
(151, 51, 9, '帆布', '0.00'),
(152, 52, 7, '逛街', '0.00'),
(153, 52, 8, '学院', '0.00'),
(154, 52, 9, '草编', '0.00'),
(155, 53, 7, '旅游', '0.00'),
(156, 53, 8, '文艺风', '0.00'),
(157, 53, 9, '帆布', '0.00'),
(158, 54, 7, '逛街', '0.00'),
(159, 54, 8, '甜美', '0.00'),
(160, 54, 9, '磨砂', '0.00'),
(161, 55, 7, '逛街', '0.00'),
(162, 55, 8, '日系', '0.00'),
(163, 55, 9, '真皮', '0.00'),
(164, 56, 7, '聚会', '0.00'),
(165, 56, 8, '复古', '0.00'),
(166, 56, 9, '牛皮', '0.00'),
(167, 57, 12, '复古', '0.00'),
(168, 57, 13, '珍珠', '0.00'),
(169, 57, 14, '', '0.00'),
(170, 58, 12, '优雅', '0.00'),
(171, 58, 13, '水晶', '0.00'),
(172, 58, 14, '吊坠', '0.00'),
(173, 59, 12, '优雅', '0.00'),
(174, 59, 13, '镶钻', '0.00'),
(175, 59, 14, '对戒', '0.00'),
(176, 60, 12, '森女', '0.00'),
(177, 60, 13, '水晶', '0.00'),
(178, 60, 14, '施华洛世', '0.00'),
(179, 61, 12, '可爱', '0.00'),
(180, 61, 13, '水晶', '0.00'),
(181, 61, 14, '施华洛水晶', '0.00'),
(182, 62, 12, '可爱', '0.00'),
(183, 62, 13, '串珠', '0.00'),
(184, 62, 14, '珍珠', '0.00'),
(185, 63, 12, '日系', '0.00'),
(186, 63, 13, '蕾丝', '0.00'),
(187, 63, 14, '水晶', '0.00'),
(188, 64, 12, '日系', '0.00'),
(189, 64, 13, '锆石', '0.00'),
(190, 64, 14, '圆框', '0.00'),
(194, 66, 13, '皮', '0.00'),
(195, 66, 14, 'DGk', '0.00');

-- --------------------------------------------------------

--
-- 表的结构 `if43_pro_type`
--

CREATE TABLE IF NOT EXISTS `if43_pro_type` (
  `type_id` smallint(5) unsigned NOT NULL AUTO_INCREMENT COMMENT '商品类型ID',
  `type_name` varchar(50) NOT NULL DEFAULT '' COMMENT '商品类型名称',
  PRIMARY KEY (`type_id`)
) ENGINE=MyISAM  DEFAULT CHARSET=utf8 AUTO_INCREMENT=6 ;

--
-- 转存表中的数据 `if43_pro_type`
--

INSERT INTO `if43_pro_type` (`type_id`, `type_name`) VALUES
(1, '衣服系'),
(2, '鞋子系'),
(3, '包包系'),
(4, '配饰系'),
(5, '通用系');

/*!40101 SET CHARACTER_SET_CLIENT=@OLD_CHARACTER_SET_CLIENT */;
/*!40101 SET CHARACTER_SET_RESULTS=@OLD_CHARACTER_SET_RESULTS */;
/*!40101 SET COLLATION_CONNECTION=@OLD_COLLATION_CONNECTION */;
